tool,repo,bomFormat_exist,bomFormat_true_exist,specVersion_exist,specVersion_true_exist,version_exist,version_true_exist,serialNumber_exist,serialNumber_true_exist,timestamp_exist,timestamp_true_exist,tools_exist,tools_true_exist,name_com_exist,name_com_true_exist,version_com,version_com_true_exist,bom_ref_com_exist,bom_ref_com_true_exist,names_exist,names_true_exist,author_exist,author_true_exist,type_exist,type_true_exist,bom_ref_exist,bom_ref_true_exist,purl_exist,purl_true_exist,cpe_exist,cpe_true_exist,licenses_exist,licenses_true_exist,version_exist,version_true_exist,copyright_exist,copyright_true_exist
gh-sbom,system-design-interviews,1,1,1,1,1,1,0,0,1,1,1,1,0,0,0,0,0,0,22,22,0,0,22,22,0,0,22,22,0,0,11,11,22,22,0,0
gh-sbom,Android-DirectionalViewPager,1,1,1,1,1,1,0,0,1,1,1,1,0,0,0,0,0,0,15,15,0,0,15,15,0,0,15,15,0,0,7,7,15,15,0,0
gh-sbom,DragonProxy,1,1,1,1,1,1,0,0,1,1,1,1,0,0,0,0,0,0,47,47,0,0,47,47,0,0,47,47,0,0,26,26,47,47,0,0
gh-sbom,telescope,1,1,1,1,1,1,0,0,1,1,1,1,0,0,0,0,0,0,5,5,0,0,5,5,0,0,5,5,0,0,0,0,5,5,0,0
gh-sbom,hackernews-App-powered-by-Apache-Weex,1,1,1,1,1,1,0,0,1,1,1,1,0,0,0,0,0,0,14,14,0,0,14,14,0,0,14,14,0,0,14,14,14,14,0,0
gh-sbom,connectivity-samples,1,1,1,1,1,1,0,0,1,1,1,1,0,0,0,0,0,0,1,1,0,0,1,1,0,0,1,1,0,0,0,0,1,1,0,0
gh-sbom,keywhiz,1,1,1,1,1,1,0,0,1,1,1,1,0,0,0,0,0,0,144,144,0,0,144,144,0,0,144,144,0,0,77,77,144,144,0,0
gh-sbom,SpringBootBucket,1,1,1,1,1,1,0,0,1,1,1,1,0,0,0,0,0,0,65,65,0,0,65,65,0,0,65,65,0,0,46,46,65,65,0,0
gh-sbom,truth,1,1,1,1,1,1,0,0,1,1,1,1,0,0,0,0,0,0,43,43,0,0,43,43,0,0,43,43,0,0,14,14,43,43,0,0
gh-sbom,GSYVideoPlayer,1,1,1,1,1,1,0,0,1,1,1,1,0,0,0,0,0,0,4,4,0,0,4,4,0,0,4,4,0,0,0,0,4,4,0,0
gh-sbom,jmxtrans,1,1,1,1,1,1,0,0,1,1,1,1,0,0,0,0,0,0,179,179,0,0,179,179,0,0,179,179,0,0,73,73,179,179,0,0
gh-sbom,twoyi,1,1,1,1,1,1,0,0,1,1,1,1,0,0,0,0,0,0,51,51,0,0,51,51,0,0,51,51,0,0,0,0,51,51,0,0
gh-sbom,codelibrary,1,1,1,1,1,1,0,0,1,1,1,1,0,0,0,0,0,0,5,5,0,0,5,5,0,0,5,5,0,0,0,0,5,5,0,0
gh-sbom,pravega,1,1,1,1,1,1,0,0,1,1,1,1,0,0,0,0,0,0,6,6,0,0,6,6,0,0,6,6,0,0,0,0,6,6,0,0
gh-sbom,hope-boot,1,1,1,1,1,1,0,0,1,1,1,1,0,0,0,0,0,0,46,46,0,0,46,46,0,0,46,46,0,0,13,13,46,46,0,0
gh-sbom,jjwt,1,1,1,1,1,1,0,0,1,1,1,1,0,0,0,0,0,0,57,57,0,0,57,57,0,0,57,57,0,0,32,32,57,57,0,0
gh-sbom,mica,1,1,1,1,1,1,0,0,1,1,1,1,0,0,0,0,0,0,4,4,0,0,4,4,0,0,4,4,0,0,0,0,4,4,0,0
gh-sbom,retrolambda,1,1,1,1,1,1,0,0,1,1,1,1,0,0,0,0,0,0,29,29,0,0,29,29,0,0,29,29,0,0,17,17,29,29,0,0
gh-sbom,springboot-guide,1,1,1,1,1,1,0,0,1,1,1,1,0,0,0,0,0,0,16,16,0,0,16,16,0,0,16,16,0,0,5,5,16,16,0,0
gh-sbom,data-algorithms-book,1,1,1,1,1,1,0,0,1,1,1,1,0,0,0,0,0,0,32,32,0,0,32,32,0,0,32,32,0,0,30,30,32,32,0,0
gh-sbom,nutz,1,1,1,1,1,1,0,0,1,1,1,1,0,0,0,0,0,0,42,42,0,0,42,42,0,0,42,42,0,0,35,35,42,42,0,0
gh-sbom,EasyBehavior,1,1,1,1,1,1,0,0,1,1,1,1,0,0,0,0,0,0,2,2,0,0,2,2,0,0,2,2,0,0,0,0,2,2,0,0
gh-sbom,ColorPickerView,1,1,1,1,1,1,0,0,1,1,1,1,0,0,0,0,0,0,7,7,0,0,7,7,0,0,7,7,0,0,0,0,7,7,0,0
gh-sbom,epublib,1,1,1,1,1,1,0,0,1,1,1,1,0,0,0,0,0,0,30,30,0,0,30,30,0,0,30,30,0,0,16,16,30,30,0,0
gh-sbom,cp-ddd-framework,1,1,1,1,1,1,0,0,1,1,1,1,0,0,0,0,0,0,59,59,0,0,59,59,0,0,59,59,0,0,28,28,59,59,0,0
gh-sbom,dubbo-spring-boot-project,1,1,1,1,1,1,0,0,1,1,1,1,0,0,0,0,0,0,37,37,0,0,37,37,0,0,37,37,0,0,10,10,37,37,0,0
gh-sbom,sia-task,1,1,1,1,1,1,0,0,1,1,1,1,0,0,0,0,0,0,67,67,0,0,67,67,0,0,67,67,0,0,35,35,67,67,0,0
gh-sbom,PLMCodeTemplate,1,1,1,1,1,1,0,0,1,1,1,1,0,0,0,0,0,0,39,39,0,0,39,39,0,0,39,39,0,0,31,31,39,39,0,0
gh-sbom,QuestionAnsweringSystem,1,1,1,1,1,1,0,0,1,1,1,1,0,0,0,0,0,0,20,20,0,0,20,20,0,0,20,20,0,0,20,20,20,20,0,0
gh-sbom,FlatLaf,1,1,1,1,1,1,0,0,1,1,1,1,0,0,0,0,0,0,9,9,0,0,9,9,0,0,9,9,0,0,0,0,9,9,0,0
gh-sbom,springmvc-mybatis-learning,1,1,1,1,1,1,0,0,1,1,1,1,0,0,0,0,0,0,19,19,0,0,19,19,0,0,19,19,0,0,18,18,19,19,0,0
gh-sbom,RedisClient,1,1,1,1,1,1,0,0,1,1,1,1,0,0,0,0,0,0,7,7,0,0,7,7,0,0,7,7,0,0,7,7,7,7,0,0
gh-sbom,stampede,1,1,1,1,1,1,0,0,1,1,1,1,0,0,0,0,0,0,27,27,0,0,27,27,0,0,27,27,0,0,0,0,27,27,0,0
gh-sbom,Pixiv-Shaft,1,1,1,1,1,1,0,0,1,1,1,1,0,0,0,0,0,0,6,6,0,0,6,6,0,0,6,6,0,0,0,0,6,6,0,0
gh-sbom,spring-cloud-rest-tcc,1,1,1,1,1,1,0,0,1,1,1,1,0,0,0,0,0,0,88,88,0,0,88,88,0,0,88,88,0,0,13,13,88,88,0,0
gh-sbom,flogger,1,1,1,1,1,1,0,0,1,1,1,1,0,0,0,0,0,0,4,4,0,0,4,4,0,0,4,4,0,0,0,0,4,4,0,0
gh-sbom,jersey,1,1,1,1,1,1,0,0,1,1,1,1,0,0,0,0,0,0,223,223,0,0,223,223,0,0,223,223,0,0,39,39,223,223,0,0
gh-sbom,Algorithms,1,1,1,1,1,1,0,0,1,1,1,1,0,0,0,0,0,0,4,4,0,0,4,4,0,0,4,4,0,0,2,2,4,4,0,0
gh-sbom,Signal-Server,1,1,1,1,1,1,0,0,1,1,1,1,0,0,0,0,0,0,171,171,0,0,171,171,0,0,171,171,0,0,46,46,171,171,0,0
gh-sbom,sofa-ark,1,1,1,1,1,1,0,0,1,1,1,1,0,0,0,0,0,0,131,131,0,0,131,131,0,0,131,131,0,0,60,60,131,131,0,0
gh-sbom,constraintlayout,1,1,1,1,1,1,0,0,1,1,1,1,0,0,0,0,0,0,7,7,0,0,7,7,0,0,7,7,0,0,0,0,7,7,0,0
gh-sbom,StickyGridHeaders,1,1,1,1,1,1,0,0,1,1,1,1,0,0,0,0,0,0,6,6,0,0,6,6,0,0,6,6,0,0,4,4,6,6,0,0
gh-sbom,parseq,1,1,1,1,1,1,0,0,1,1,1,1,0,0,0,0,0,0,390,390,0,0,390,390,0,0,390,390,0,0,386,386,390,390,0,0
gh-sbom,9-Patch-Resizer,1,1,1,1,1,1,0,0,1,1,1,1,0,0,0,0,0,0,5,5,0,0,5,5,0,0,5,5,0,0,5,5,5,5,0,0
gh-sbom,aws-eks-kubernetes-masterclass,1,1,1,1,1,1,0,0,1,1,1,1,0,0,0,0,0,0,39,39,0,0,39,39,0,0,39,39,0,0,24,24,39,39,0,0
gh-sbom,spider-flow,1,1,1,1,1,1,0,0,1,1,1,1,0,0,0,0,0,0,27,27,0,0,27,27,0,0,27,27,0,0,8,8,27,27,0,0
gh-sbom,weixin-sdk,1,1,1,1,1,1,0,0,1,1,1,1,0,0,0,0,0,0,36,36,0,0,36,36,0,0,36,36,0,0,21,21,36,36,0,0
gh-sbom,toBeBetterJavaer,1,1,1,1,1,1,0,0,1,1,1,1,0,0,0,0,0,0,6,6,0,0,6,6,0,0,6,6,0,0,1,1,6,6,0,0
gh-sbom,httpclientutil,1,1,1,1,1,1,0,0,1,1,1,1,0,0,0,0,0,0,8,8,0,0,8,8,0,0,8,8,0,0,7,7,8,8,0,0
gh-sbom,OpenSearch,1,1,1,1,1,1,0,0,1,1,1,1,0,0,0,0,0,0,30,30,0,0,30,30,0,0,30,30,0,0,0,0,30,30,0,0
gh-sbom,curator,1,1,1,1,1,1,0,0,1,1,1,1,0,0,0,0,0,0,99,99,0,0,99,99,0,0,99,99,0,0,43,43,99,99,0,0
gh-sbom,zaproxy,1,1,1,1,1,1,0,0,1,1,1,1,0,0,0,0,0,0,22,22,0,0,22,22,0,0,22,22,0,0,0,0,22,22,0,0
gh-sbom,greys-anatomy,1,1,1,1,1,1,0,0,1,1,1,1,0,0,0,0,0,0,28,28,0,0,28,28,0,0,28,28,0,0,13,13,28,28,0,0
gh-sbom,elephant-bird,1,1,1,1,1,1,0,0,1,1,1,1,0,0,0,0,0,0,79,79,0,0,79,79,0,0,79,79,0,0,33,33,79,79,0,0
gh-sbom,zip4j,1,1,1,1,1,1,0,0,1,1,1,1,0,0,0,0,0,0,14,14,0,0,14,14,0,0,14,14,0,0,10,10,14,14,0,0
gh-sbom,OBAndroid,1,1,1,1,1,1,0,0,1,1,1,1,0,0,0,0,0,0,11,11,0,0,11,11,0,0,11,11,0,0,2,2,11,11,0,0
gh-sbom,spring-statemachine,1,1,1,1,1,1,0,0,1,1,1,1,0,0,0,0,0,0,75,75,0,0,75,75,0,0,75,75,0,0,53,53,75,75,0,0
gh-sbom,milkman,1,1,1,1,1,1,0,0,1,1,1,1,0,0,0,0,0,0,91,91,0,0,91,91,0,0,91,91,0,0,48,48,91,91,0,0
gh-sbom,ldbz-shop,1,1,1,1,1,1,0,0,1,1,1,1,0,0,0,0,0,0,136,136,0,0,136,136,0,0,136,136,0,0,58,58,136,136,0,0
gh-sbom,piranha,1,1,1,1,1,1,0,0,1,1,1,1,0,0,0,0,0,0,54,54,0,0,54,54,0,0,54,54,0,0,1,1,54,54,0,0
gh-sbom,android-auto-scroll-view-pager,1,1,1,1,1,1,0,0,1,1,1,1,0,0,0,0,0,0,8,8,0,0,8,8,0,0,8,8,0,0,8,8,8,8,0,0
gh-sbom,ExpandingPager,1,1,1,1,1,1,0,0,1,1,1,1,0,0,0,0,0,0,2,2,0,0,2,2,0,0,2,2,0,0,0,0,2,2,0,0
gh-sbom,react-native-sqlite-storage,1,1,1,1,1,1,0,0,1,1,1,1,0,0,0,0,0,0,6,6,0,0,6,6,0,0,6,6,0,0,3,3,6,6,0,0
gh-sbom,haha,1,1,1,1,1,1,0,0,1,1,1,1,0,0,0,0,0,0,12,12,0,0,12,12,0,0,12,12,0,0,11,11,12,12,0,0
gh-sbom,rest-client,1,1,1,1,1,1,0,0,1,1,1,1,0,0,0,0,0,0,14,14,0,0,14,14,0,0,14,14,0,0,12,12,14,14,0,0
gh-sbom,scouter,1,1,1,1,1,1,0,0,1,1,1,1,0,0,0,0,0,0,95,95,0,0,95,95,0,0,95,95,0,0,63,63,95,95,0,0
gh-sbom,gl-react-native-v2,1,1,1,1,1,1,0,0,1,1,1,1,0,0,0,0,0,0,461,461,0,0,461,461,0,0,461,461,0,0,455,455,461,461,0,0
gh-sbom,docker-java,1,1,1,1,1,1,0,0,1,1,1,1,0,0,0,0,0,0,72,72,0,0,72,72,0,0,72,72,0,0,31,31,72,72,0,0
gh-sbom,paho,1,1,1,1,1,1,0,0,1,1,1,1,0,0,0,0,0,0,50,50,0,0,50,50,0,0,50,50,0,0,29,29,50,50,0,0
gh-sbom,PublicCMS,1,1,1,1,1,1,0,0,1,1,1,1,0,0,0,0,0,0,149,149,0,0,149,149,0,0,149,149,0,0,58,58,149,149,0,0
gh-sbom,java-apns,1,1,1,1,1,1,0,0,1,1,1,1,0,0,0,0,0,0,16,16,0,0,16,16,0,0,16,16,0,0,13,13,16,16,0,0
gh-sbom,farebot,1,1,1,1,1,1,0,0,1,1,1,1,0,0,0,0,0,0,19,19,0,0,19,19,0,0,19,19,0,0,14,14,19,19,0,0
gh-sbom,mvel,1,1,1,1,1,1,0,0,1,1,1,1,0,0,0,0,0,0,11,11,0,0,11,11,0,0,11,11,0,0,9,9,11,11,0,0
gh-sbom,sqlite-jdbc,1,1,1,1,1,1,0,0,1,1,1,1,0,0,0,0,0,0,36,36,0,0,36,36,0,0,36,36,0,0,12,12,36,36,0,0
gh-sbom,simpleimage,1,1,1,1,1,1,0,0,1,1,1,1,0,0,0,0,0,0,18,18,0,0,18,18,0,0,18,18,0,0,10,10,18,18,0,0
gh-sbom,cachecloud,1,1,1,1,1,1,0,0,1,1,1,1,0,0,0,0,0,0,107,107,0,0,107,107,0,0,107,107,0,0,45,45,107,107,0,0
gh-sbom,XUpdate,1,1,1,1,1,1,0,0,1,1,1,1,0,0,0,0,0,0,3,3,0,0,3,3,0,0,3,3,0,0,0,0,3,3,0,0
gh-sbom,SpringBootVulExploit,1,1,1,1,1,1,0,0,1,1,1,1,0,0,0,0,0,0,24,24,0,0,24,24,0,0,24,24,0,0,10,10,24,24,0,0
gh-sbom,base-adapter-helper,1,1,1,1,1,1,0,0,1,1,1,1,0,0,0,0,0,0,10,10,0,0,10,10,0,0,10,10,0,0,3,3,10,10,0,0
gh-sbom,error-prone,1,1,1,1,1,1,0,0,1,1,1,1,0,0,0,0,0,0,85,85,0,0,85,85,0,0,85,85,0,0,43,43,85,85,0,0
gh-sbom,android-times-square,1,1,1,1,1,1,0,0,1,1,1,1,0,0,0,0,0,0,3,3,0,0,3,3,0,0,3,3,0,0,0,0,3,3,0,0
gh-sbom,jsonschema2pojo,1,1,1,1,1,1,0,0,1,1,1,1,0,0,0,0,0,0,99,99,0,0,99,99,0,0,99,99,0,0,48,48,99,99,0,0
gh-sbom,distributedlog,1,1,1,1,1,1,0,0,1,1,1,1,0,0,0,0,0,0,78,78,0,0,78,78,0,0,78,78,0,0,52,52,78,78,0,0
gh-sbom,openjdk,1,1,1,1,1,1,0,0,1,1,1,1,0,0,0,0,0,0,6,6,0,0,6,6,0,0,6,6,0,0,6,6,6,6,0,0
gh-sbom,flinkStreamSQL,1,1,1,1,1,1,0,0,1,1,1,1,0,0,0,0,0,0,101,101,0,0,101,101,0,0,101,101,0,0,40,40,101,101,0,0
gh-sbom,es,1,1,1,1,1,1,0,0,1,1,1,1,0,0,0,0,0,0,80,80,0,0,80,80,0,0,80,80,0,0,69,69,80,80,0,0
gh-sbom,gs-collections,1,1,1,1,1,1,0,0,1,1,1,1,0,0,0,0,0,0,56,56,0,0,56,56,0,0,56,56,0,0,33,33,56,56,0,0
gh-sbom,ArchUnit,1,1,1,1,1,1,0,0,1,1,1,1,0,0,0,0,0,0,109,109,0,0,109,109,0,0,109,109,0,0,96,96,109,109,0,0
gh-sbom,android-samples,1,1,1,1,1,1,0,0,1,1,1,1,0,0,0,0,0,0,8,8,0,0,8,8,0,0,8,8,0,0,0,0,8,8,0,0
gh-sbom,algorithms-sedgewick-wayne,1,1,1,1,1,1,0,0,1,1,1,1,0,0,0,0,0,0,4,4,0,0,4,4,0,0,4,4,0,0,0,0,4,4,0,0
gh-sbom,Signal-Android,1,1,1,1,1,1,0,0,1,1,1,1,0,0,0,0,0,0,9,9,0,0,9,9,0,0,9,9,0,0,0,0,9,9,0,0
gh-sbom,gulimall-learning,1,1,1,1,1,1,0,0,1,1,1,1,0,0,0,0,0,0,92,92,0,0,92,92,0,0,92,92,0,0,57,57,92,92,0,0
gh-sbom,open-keychain,1,1,1,1,1,1,0,0,1,1,1,1,0,0,0,0,0,0,5,5,0,0,5,5,0,0,5,5,0,0,0,0,5,5,0,0
gh-sbom,Mallet,1,1,1,1,1,1,0,0,1,1,1,1,0,0,0,0,0,0,13,13,0,0,13,13,0,0,13,13,0,0,9,9,13,13,0,0
gh-sbom,flutter-intellij,1,1,1,1,1,1,0,0,1,1,1,1,0,0,0,0,0,0,12,12,0,0,12,12,0,0,12,12,0,0,0,0,12,12,0,0
gh-sbom,marshalsec,1,1,1,1,1,1,0,0,1,1,1,1,0,0,0,0,0,0,33,33,0,0,33,33,0,0,33,33,0,0,25,25,33,33,0,0
gh-sbom,e5,1,1,1,1,1,1,0,0,1,1,1,1,0,0,0,0,0,0,25,25,0,0,25,25,0,0,25,25,0,0,14,14,25,25,0,0
gh-sbom,GmsCore,1,1,1,1,1,1,0,0,1,1,1,1,0,0,0,0,0,0,4,4,0,0,4,4,0,0,4,4,0,0,0,0,4,4,0,0
gh-sbom,community,1,1,1,1,1,1,0,0,1,1,1,1,0,0,0,0,0,0,21,21,0,0,21,21,0,0,21,21,0,0,9,9,21,21,0,0
gh-sbom,sql-father-backend-public,1,1,1,1,1,1,0,0,1,1,1,1,0,0,0,0,0,0,18,18,0,0,18,18,0,0,18,18,0,0,8,8,18,18,0,0
gh-sbom,hibernate-validator,1,1,1,1,1,1,0,0,1,1,1,1,0,0,0,0,0,0,177,177,0,0,177,177,0,0,177,177,0,0,40,40,177,177,0,0
gh-sbom,rapidoid,1,1,1,1,1,1,0,0,1,1,1,1,0,0,0,0,0,0,48,48,0,0,48,48,0,0,48,48,0,0,24,24,48,48,0,0
gh-sbom,disunity,1,1,1,1,1,1,0,0,1,1,1,1,0,0,0,0,0,0,12,12,0,0,12,12,0,0,12,12,0,0,6,6,12,12,0,0
gh-sbom,spring-analysis,1,1,1,1,1,1,0,0,1,1,1,1,0,0,0,0,0,0,20,20,0,0,20,20,0,0,20,20,0,0,17,17,20,20,0,0
gh-sbom,link-bubble,1,1,1,1,1,1,0,0,1,1,1,1,0,0,0,0,0,0,4,4,0,0,4,4,0,0,4,4,0,0,2,2,4,4,0,0
gh-sbom,keepass2android,1,1,1,1,1,1,0,0,1,1,1,1,0,0,0,0,0,0,114,114,0,0,114,114,0,0,114,114,0,0,0,0,114,114,0,0
gh-sbom,librec,1,1,1,1,1,1,0,0,1,1,1,1,0,0,0,0,0,0,32,32,0,0,32,32,0,0,32,32,0,0,25,25,32,32,0,0
gh-sbom,binnavi,1,1,1,1,1,1,0,0,1,1,1,1,0,0,0,0,0,0,16,16,0,0,16,16,0,0,16,16,0,0,14,14,16,16,0,0
gh-sbom,VerticalStepperForm,1,1,1,1,1,1,0,0,1,1,1,1,0,0,0,0,0,0,2,2,0,0,2,2,0,0,2,2,0,0,0,0,2,2,0,0
gh-sbom,robolectric,1,1,1,1,1,1,0,0,1,1,1,1,0,0,0,0,0,0,9,9,0,0,9,9,0,0,9,9,0,0,0,0,9,9,0,0
gh-sbom,reactive-streams-jvm,1,1,1,1,1,1,0,0,1,1,1,1,0,0,0,0,0,0,2,2,0,0,2,2,0,0,2,2,0,0,0,0,2,2,0,0
gh-sbom,sqlite-android,1,1,1,1,1,1,0,0,1,1,1,1,0,0,0,0,0,0,4,4,0,0,4,4,0,0,4,4,0,0,0,0,4,4,0,0
gh-sbom,SSM_HRMS,1,1,1,1,1,1,0,0,1,1,1,1,0,0,0,0,0,0,19,19,0,0,19,19,0,0,19,19,0,0,11,11,19,19,0,0
gh-sbom,Conductor,1,1,1,1,1,1,0,0,1,1,1,1,0,0,0,0,0,0,2,2,0,0,2,2,0,0,2,2,0,0,0,0,2,2,0,0
gh-sbom,rogue-jndi,1,1,1,1,1,1,0,0,1,1,1,1,0,0,0,0,0,0,9,9,0,0,9,9,0,0,9,9,0,0,9,9,9,9,0,0
gh-sbom,RxRelay,1,1,1,1,1,1,0,0,1,1,1,1,0,0,0,0,0,0,7,7,0,0,7,7,0,0,7,7,0,0,7,7,7,7,0,0
gh-sbom,kilim,1,1,1,1,1,1,0,0,1,1,1,1,0,0,0,0,0,0,9,9,0,0,9,9,0,0,9,9,0,0,8,8,9,9,0,0
gh-sbom,sonarqube-community-branch-plugin,1,1,1,1,1,1,0,0,1,1,1,1,0,0,0,0,0,0,10,10,0,0,10,10,0,0,10,10,0,0,0,0,10,10,0,0
gh-sbom,stagemonitor,1,1,1,1,1,1,0,0,1,1,1,1,0,0,0,0,0,0,4,4,0,0,4,4,0,0,4,4,0,0,4,4,4,4,0,0
gh-sbom,commons-lang,1,1,1,1,1,1,0,0,1,1,1,1,0,0,0,0,0,0,27,27,0,0,27,27,0,0,27,27,0,0,8,8,27,27,0,0
gh-sbom,J2V8,1,1,1,1,1,1,0,0,1,1,1,1,0,0,0,0,0,0,11,11,0,0,11,11,0,0,11,11,0,0,8,8,11,11,0,0
gh-sbom,apollo,1,1,1,1,1,1,0,0,1,1,1,1,0,0,0,0,0,0,130,130,0,0,130,130,0,0,130,130,0,0,62,62,130,130,0,0
gh-sbom,hbc,1,1,1,1,1,1,0,0,1,1,1,1,0,0,0,0,0,0,23,23,0,0,23,23,0,0,23,23,0,0,21,21,23,23,0,0
gh-sbom,afwall,1,1,1,1,1,1,0,0,1,1,1,1,0,0,0,0,0,0,3,3,0,0,3,3,0,0,3,3,0,0,0,0,3,3,0,0
gh-sbom,leveldb,1,1,1,1,1,1,0,0,1,1,1,1,0,0,0,0,0,0,15,15,0,0,15,15,0,0,15,15,0,0,7,7,15,15,0,0
gh-sbom,ormlite-android,1,1,1,1,1,1,0,0,1,1,1,1,0,0,0,0,0,0,18,18,0,0,18,18,0,0,18,18,0,0,13,13,18,18,0,0
gh-sbom,Houseclub,1,1,1,1,1,1,0,0,1,1,1,1,0,0,0,0,0,0,2,2,0,0,2,2,0,0,2,2,0,0,0,0,2,2,0,0
gh-sbom,AdapterDelegates,1,1,1,1,1,1,0,0,1,1,1,1,0,0,0,0,0,0,2,2,0,0,2,2,0,0,2,2,0,0,0,0,2,2,0,0
gh-sbom,phrase,1,1,1,1,1,1,0,0,1,1,1,1,0,0,0,0,0,0,3,3,0,0,3,3,0,0,3,3,0,0,0,0,3,3,0,0
gh-sbom,TarsosDSP,1,1,1,1,1,1,0,0,1,1,1,1,0,0,0,0,0,0,4,4,0,0,4,4,0,0,4,4,0,0,0,0,4,4,0,0
gh-sbom,fastjson2,1,1,1,1,1,1,0,0,1,1,1,1,0,0,0,0,0,0,213,213,0,0,213,213,0,0,213,213,0,0,75,75,213,213,0,0
gh-sbom,AsciidocFX,1,1,1,1,1,1,0,0,1,1,1,1,0,0,0,0,0,0,58,58,0,0,58,58,0,0,58,58,0,0,26,26,58,58,0,0
gh-sbom,Java-Chronicle,1,1,1,1,1,1,0,0,1,1,1,1,0,0,0,0,0,0,17,17,0,0,17,17,0,0,17,17,0,0,10,10,17,17,0,0
gh-sbom,chatgpt-java,1,1,1,1,1,1,0,0,1,1,1,1,0,0,0,0,0,0,14,14,0,0,14,14,0,0,14,14,0,0,13,13,14,14,0,0
gh-sbom,FakeSMTP,1,1,1,1,1,1,0,0,1,1,1,1,0,0,0,0,0,0,14,14,0,0,14,14,0,0,14,14,0,0,13,13,14,14,0,0
gh-sbom,android-cube-app,1,1,1,1,1,1,0,0,1,1,1,1,0,0,0,0,0,0,15,15,0,0,15,15,0,0,15,15,0,0,6,6,15,15,0,0
gh-sbom,HTTPDNSLib,1,1,1,1,1,1,0,0,1,1,1,1,0,0,0,0,0,0,2,2,0,0,2,2,0,0,2,2,0,0,2,2,2,2,0,0
gh-sbom,droid-fu,1,1,1,1,1,1,0,0,1,1,1,1,0,0,0,0,0,0,9,9,0,0,9,9,0,0,9,9,0,0,5,5,9,9,0,0
gh-sbom,junit5,1,1,1,1,1,1,0,0,1,1,1,1,0,0,0,0,0,0,312,312,0,0,312,312,0,0,312,312,0,0,231,231,312,312,0,0
gh-sbom,gwt,1,1,1,1,1,1,0,0,1,1,1,1,0,0,0,0,0,0,28,28,0,0,28,28,0,0,28,28,0,0,14,14,28,28,0,0
gh-sbom,jianshi,1,1,1,1,1,1,0,0,1,1,1,1,0,0,0,0,0,0,5,5,0,0,5,5,0,0,5,5,0,0,5,5,5,5,0,0
gh-sbom,ambrose,1,1,1,1,1,1,0,0,1,1,1,1,0,0,0,0,0,0,55,55,0,0,55,55,0,0,55,55,0,0,24,24,55,55,0,0
gh-sbom,yuicompressor,1,1,1,1,1,1,0,0,1,1,1,1,0,0,0,0,0,0,2,2,0,0,2,2,0,0,2,2,0,0,1,1,2,2,0,0
gh-sbom,weixin-java-mp-demo,1,1,1,1,1,1,0,0,1,1,1,1,0,0,0,0,0,0,12,12,0,0,12,12,0,0,12,12,0,0,6,6,12,12,0,0
gh-sbom,protostuff,1,1,1,1,1,1,0,0,1,1,1,1,0,0,0,0,0,0,73,73,0,0,73,73,0,0,73,73,0,0,39,39,73,73,0,0
gh-sbom,java-core-learning-example,1,1,1,1,1,1,0,0,1,1,1,1,0,0,0,0,0,0,4,4,0,0,4,4,0,0,4,4,0,0,3,3,4,4,0,0
gh-sbom,production_ssm,1,1,1,1,1,1,0,0,1,1,1,1,0,0,0,0,0,0,37,37,0,0,37,37,0,0,37,37,0,0,32,32,37,37,0,0
gh-sbom,robovm,1,1,1,1,1,1,0,0,1,1,1,1,0,0,0,0,0,0,40,40,0,0,40,40,0,0,40,40,0,0,21,21,40,40,0,0
gh-sbom,ThreeTenABP,1,1,1,1,1,1,0,0,1,1,1,1,0,0,0,0,0,0,5,5,0,0,5,5,0,0,5,5,0,0,0,0,5,5,0,0
gh-sbom,weixin-popular,1,1,1,1,1,1,0,0,1,1,1,1,0,0,0,0,0,0,15,15,0,0,15,15,0,0,15,15,0,0,13,13,15,15,0,0
gh-sbom,h2o-2,1,1,1,1,1,1,0,0,1,1,1,1,0,0,0,0,0,0,61,61,0,0,61,61,0,0,61,61,0,0,47,47,61,61,0,0
gh-sbom,Slide,1,1,1,1,1,1,0,0,1,1,1,1,0,0,0,0,0,0,2,2,0,0,2,2,0,0,2,2,0,0,0,0,2,2,0,0
gh-sbom,usergrid,1,1,1,1,1,1,0,0,1,1,1,1,0,0,0,0,0,0,546,546,0,0,546,546,0,0,546,546,0,0,307,307,546,546,0,0
gh-sbom,mall-tiny,1,1,1,1,1,1,0,0,1,1,1,1,0,0,0,0,0,0,19,19,0,0,19,19,0,0,19,19,0,0,9,9,19,19,0,0
gh-sbom,rabbitmq-java-client,1,1,1,1,1,1,0,0,1,1,1,1,0,0,0,0,0,0,46,46,0,0,46,46,0,0,46,46,0,0,23,23,46,46,0,0
gh-sbom,react-native-webrtc,1,1,1,1,1,1,0,0,1,1,1,1,0,0,0,0,0,0,474,474,0,0,474,474,0,0,474,474,0,0,465,465,474,474,0,0
gh-sbom,android-sliding-layer-lib,1,1,1,1,1,1,0,0,1,1,1,1,0,0,0,0,0,0,12,12,0,0,12,12,0,0,12,12,0,0,5,5,12,12,0,0
gh-sbom,Ant-Media-Server,1,1,1,1,1,1,0,0,1,1,1,1,0,0,0,0,0,0,74,74,0,0,74,74,0,0,74,74,0,0,4,4,74,74,0,0
gh-sbom,threadandjuc,1,1,1,1,1,1,0,0,1,1,1,1,0,0,0,0,0,0,31,31,0,0,31,31,0,0,31,31,0,0,18,18,31,31,0,0
gh-sbom,vlcj,1,1,1,1,1,1,0,0,1,1,1,1,0,0,0,0,0,0,14,14,0,0,14,14,0,0,14,14,0,0,11,11,14,14,0,0
gh-sbom,bc-java,1,1,1,1,1,1,0,0,1,1,1,1,0,0,0,0,0,0,3,3,0,0,3,3,0,0,3,3,0,0,0,0,3,3,0,0
gh-sbom,fury,1,1,1,1,1,1,0,0,1,1,1,1,0,0,0,0,0,0,125,125,0,0,125,125,0,0,125,125,0,0,78,78,125,125,0,0
gh-sbom,lite-rx-api-hands-on,1,1,1,1,1,1,0,0,1,1,1,1,0,0,0,0,0,0,10,10,0,0,10,10,0,0,10,10,0,0,7,7,10,10,0,0
gh-sbom,traccar,1,1,1,1,1,1,0,0,1,1,1,1,0,0,0,0,0,0,3,3,0,0,3,3,0,0,3,3,0,0,0,0,3,3,0,0
gh-sbom,ai-beehive,1,1,1,1,1,1,0,0,1,1,1,1,0,0,0,0,0,0,46,46,0,0,46,46,0,0,46,46,0,0,17,17,46,46,0,0
gh-sbom,cassandra,1,1,1,1,1,1,0,0,1,1,1,1,0,0,0,0,0,0,5,5,0,0,5,5,0,0,5,5,0,0,1,1,5,5,0,0
gh-sbom,opentracing-tutorial,1,1,1,1,1,1,0,0,1,1,1,1,0,0,0,0,0,0,139,139,0,0,139,139,0,0,139,139,0,0,125,125,139,139,0,0
gh-sbom,react-native-picker,1,1,1,1,1,1,0,0,1,1,1,1,0,0,0,0,0,0,6,6,0,0,6,6,0,0,6,6,0,0,5,5,6,6,0,0
gh-sbom,springboot-dubbox,1,1,1,1,1,1,0,0,1,1,1,1,0,0,0,0,0,0,75,75,0,0,75,75,0,0,75,75,0,0,23,23,75,75,0,0
gh-sbom,test-butler,1,1,1,1,1,1,0,0,1,1,1,1,0,0,0,0,0,0,4,4,0,0,4,4,0,0,4,4,0,0,0,0,4,4,0,0
gh-sbom,Java-Concurrency-Progamming-Tutorial,1,1,1,1,1,1,0,0,1,1,1,1,0,0,0,0,0,0,15,15,0,0,15,15,0,0,15,15,0,0,7,7,15,15,0,0
gh-sbom,captcha-killer-modified,1,1,1,1,1,1,0,0,1,1,1,1,0,0,0,0,0,0,10,10,0,0,10,10,0,0,10,10,0,0,9,9,10,10,0,0
gh-sbom,react-native-quick-actions,1,1,1,1,1,1,0,0,1,1,1,1,0,0,0,0,0,0,1,1,0,0,1,1,0,0,1,1,0,0,0,0,1,1,0,0
gh-sbom,jasypt-spring-boot,1,1,1,1,1,1,0,0,1,1,1,1,0,0,0,0,0,0,39,39,0,0,39,39,0,0,39,39,0,0,18,18,39,39,0,0
gh-sbom,renren-security,1,1,1,1,1,1,0,0,1,1,1,1,0,0,0,0,0,0,48,48,0,0,48,48,0,0,48,48,0,0,31,31,48,48,0,0
gh-sbom,loom,1,1,1,1,1,1,0,0,1,1,1,1,0,0,0,0,0,0,57,57,0,0,57,57,0,0,57,57,0,0,11,11,57,57,0,0
gh-sbom,play1,1,1,1,1,1,1,0,0,1,1,1,1,0,0,0,0,0,0,11,11,0,0,11,11,0,0,11,11,0,0,2,2,11,11,0,0
gh-sbom,amidst,1,1,1,1,1,1,0,0,1,1,1,1,0,0,0,0,0,0,14,14,0,0,14,14,0,0,14,14,0,0,11,11,14,14,0,0
gh-sbom,jobrunr,1,1,1,1,1,1,0,0,1,1,1,1,0,0,0,0,0,0,552,552,0,0,552,552,0,0,552,552,0,0,546,546,552,552,0,0
gh-sbom,jeewx-boot,1,1,1,1,1,1,0,0,1,1,1,1,0,0,0,0,0,0,42,42,0,0,42,42,0,0,42,42,0,0,19,19,42,42,0,0
gh-sbom,android-demos,1,1,1,1,1,1,0,0,1,1,1,1,0,0,0,0,0,0,3,3,0,0,3,3,0,0,3,3,0,0,2,2,3,3,0,0
gh-sbom,ta4j,1,1,1,1,1,1,0,0,1,1,1,1,0,0,0,0,0,0,24,24,0,0,24,24,0,0,24,24,0,0,16,16,24,24,0,0
gh-sbom,smart-sso,1,1,1,1,1,1,0,0,1,1,1,1,0,0,0,0,0,0,19,19,0,0,19,19,0,0,19,19,0,0,4,4,19,19,0,0
gh-sbom,Packages,1,1,1,1,1,1,0,0,1,1,1,1,0,0,0,0,0,0,1,1,0,0,1,1,0,0,1,1,0,0,0,0,1,1,0,0
gh-sbom,cobar,1,1,1,1,1,1,0,0,1,1,1,1,0,0,0,0,0,0,32,32,0,0,32,32,0,0,32,32,0,0,25,25,32,32,0,0
gh-sbom,honest-profiler,1,1,1,1,1,1,0,0,1,1,1,1,0,0,0,0,0,0,15,15,0,0,15,15,0,0,15,15,0,0,14,14,15,15,0,0
gh-sbom,restcountries,1,1,1,1,1,1,0,0,1,1,1,1,0,0,0,0,0,0,11,11,0,0,11,11,0,0,11,11,0,0,8,8,11,11,0,0
gh-sbom,Much-Assembly-Required,1,1,1,1,1,1,0,0,1,1,1,1,0,0,0,0,0,0,13,13,0,0,13,13,0,0,13,13,0,0,9,9,13,13,0,0
gh-sbom,android-satellite-menu,1,1,1,1,1,1,0,0,1,1,1,1,0,0,0,0,0,0,2,2,0,0,2,2,0,0,2,2,0,0,2,2,2,2,0,0
gh-sbom,AnyLayer,1,1,1,1,1,1,0,0,1,1,1,1,0,0,0,0,0,0,2,2,0,0,2,2,0,0,2,2,0,0,0,0,2,2,0,0
gh-sbom,plantuml-server,1,1,1,1,1,1,0,0,1,1,1,1,0,0,0,0,0,0,11,11,0,0,11,11,0,0,11,11,0,0,0,0,11,11,0,0
gh-sbom,Just-Another-Android-App,1,1,1,1,1,1,0,0,1,1,1,1,0,0,0,0,0,0,6,6,0,0,6,6,0,0,6,6,0,0,0,0,6,6,0,0
gh-sbom,Zhiliao,1,1,1,1,1,1,0,0,1,1,1,1,0,0,0,0,0,0,4,4,0,0,4,4,0,0,4,4,0,0,0,0,4,4,0,0
gh-sbom,StaggeredGridView,1,1,1,1,1,1,0,0,1,1,1,1,0,0,0,0,0,0,4,4,0,0,4,4,0,0,4,4,0,0,3,3,4,4,0,0
gh-sbom,FastDev4Android,1,1,1,1,1,1,0,0,1,1,1,1,0,0,0,0,0,0,8,8,0,0,8,8,0,0,8,8,0,0,8,8,8,8,0,0
gh-sbom,apk-parser,1,1,1,1,1,1,0,0,1,1,1,1,0,0,0,0,0,0,10,10,0,0,10,10,0,0,10,10,0,0,10,10,10,10,0,0
gh-sbom,tabula-java,1,1,1,1,1,1,0,0,1,1,1,1,0,0,0,0,0,0,21,21,0,0,21,21,0,0,21,21,0,0,18,18,21,21,0,0
gh-sbom,gitblit,1,1,1,1,1,1,0,0,1,1,1,1,0,0,0,0,0,0,16,16,0,0,16,16,0,0,16,16,0,0,5,5,16,16,0,0
gh-sbom,diablo-js,1,1,1,1,1,1,0,0,1,1,1,1,0,0,0,0,0,0,1,1,0,0,1,1,0,0,1,1,0,0,1,1,1,1,0,0
gh-sbom,find-sec-bugs,1,1,1,1,1,1,0,0,1,1,1,1,0,0,0,0,0,0,49,49,0,0,49,49,0,0,49,49,0,0,19,19,49,49,0,0
gh-sbom,jcommander,1,1,1,1,1,1,0,0,1,1,1,1,0,0,0,0,0,0,3,3,0,0,3,3,0,0,3,3,0,0,0,0,3,3,0,0
gh-sbom,yanxuan-weex-demo,1,1,1,1,1,1,0,0,1,1,1,1,0,0,0,0,0,0,23,23,0,0,23,23,0,0,23,23,0,0,20,20,23,23,0,0
gh-sbom,docker-client,1,1,1,1,1,1,0,0,1,1,1,1,0,0,0,0,0,0,38,38,0,0,38,38,0,0,38,38,0,0,35,35,38,38,0,0
gh-sbom,cryptomator,1,1,1,1,1,1,0,0,1,1,1,1,0,0,0,0,0,0,65,65,0,0,65,65,0,0,65,65,0,0,26,26,65,65,0,0
gh-sbom,tinyid,1,1,1,1,1,1,0,0,1,1,1,1,0,0,0,0,0,0,14,14,0,0,14,14,0,0,14,14,0,0,7,7,14,14,0,0
gh-sbom,android-common,1,1,1,1,1,1,0,0,1,1,1,1,0,0,0,0,0,0,7,7,0,0,7,7,0,0,7,7,0,0,7,7,7,7,0,0
gh-sbom,CameraView,1,1,1,1,1,1,0,0,1,1,1,1,0,0,0,0,0,0,7,7,0,0,7,7,0,0,7,7,0,0,0,0,7,7,0,0
gh-sbom,APIKit,1,1,1,1,1,1,0,0,1,1,1,1,0,0,0,0,0,0,6,6,0,0,6,6,0,0,6,6,0,0,5,5,6,6,0,0
gh-sbom,dev-summit-architecture-demo,1,1,1,1,1,1,0,0,1,1,1,1,0,0,0,0,0,0,63,63,0,0,63,63,0,0,63,63,0,0,49,49,63,63,0,0
gh-sbom,flutter_webview_plugin,1,1,1,1,1,1,0,0,1,1,1,1,0,0,0,0,0,0,4,4,0,0,4,4,0,0,4,4,0,0,0,0,4,4,0,0
gh-sbom,jbone,1,1,1,1,1,1,0,0,1,1,1,1,0,0,0,0,0,0,105,105,0,0,105,105,0,0,105,105,0,0,49,49,105,105,0,0
gh-sbom,CodenameOne,1,1,1,1,1,1,0,0,1,1,1,1,0,0,0,0,0,0,168,168,0,0,168,168,0,0,168,168,0,0,66,66,168,168,0,0
gh-sbom,RendererRecyclerViewAdapter,1,1,1,1,1,1,0,0,1,1,1,1,0,0,0,0,0,0,2,2,0,0,2,2,0,0,2,2,0,0,0,0,2,2,0,0
gh-sbom,aws-cf-templates,1,1,1,1,1,1,0,0,1,1,1,1,0,0,0,0,0,0,20,20,0,0,20,20,0,0,20,20,0,0,6,6,20,20,0,0
gh-sbom,ik-analyzer-solr,1,1,1,1,1,1,0,0,1,1,1,1,0,0,0,0,0,0,7,7,0,0,7,7,0,0,7,7,0,0,7,7,7,7,0,0
gh-sbom,SpringBoot-Dubbo-Docker-Jenkins,1,1,1,1,1,1,0,0,1,1,1,1,0,0,0,0,0,0,14,14,0,0,14,14,0,0,14,14,0,0,6,6,14,14,0,0
gh-sbom,unirest-java,1,1,1,1,1,1,0,0,1,1,1,1,0,0,0,0,0,0,40,40,0,0,40,40,0,0,40,40,0,0,26,26,40,40,0,0
gh-sbom,spring-boot-cloud,1,1,1,1,1,1,0,0,1,1,1,1,0,0,0,0,0,0,41,41,0,0,41,41,0,0,41,41,0,0,6,6,41,41,0,0
gh-sbom,JavaHamcrest,1,1,1,1,1,1,0,0,1,1,1,1,0,0,0,0,0,0,2,2,0,0,2,2,0,0,2,2,0,0,0,0,2,2,0,0
gh-sbom,nv-websocket-client,1,1,1,1,1,1,0,0,1,1,1,1,0,0,0,0,0,0,10,10,0,0,10,10,0,0,10,10,0,0,9,9,10,10,0,0
gh-sbom,ysoserial,1,1,1,1,1,1,0,0,1,1,1,1,0,0,0,0,0,0,59,59,0,0,59,59,0,0,59,59,0,0,36,36,59,59,0,0
gh-sbom,zhihu-crawler,1,1,1,1,1,1,0,0,1,1,1,1,0,0,0,0,0,0,27,27,0,0,27,27,0,0,27,27,0,0,19,19,27,27,0,0
gh-sbom,archaius,1,1,1,1,1,1,0,0,1,1,1,1,0,0,0,0,0,0,3,3,0,0,3,3,0,0,3,3,0,0,0,0,3,3,0,0
gh-sbom,autopsy,1,1,1,1,1,1,0,0,1,1,1,1,0,0,0,0,0,0,19,19,0,0,19,19,0,0,19,19,0,0,4,4,19,19,0,0
gh-sbom,light-task-scheduler,1,1,1,1,1,1,0,0,1,1,1,1,0,0,0,0,0,0,96,96,0,0,96,96,0,0,96,96,0,0,40,40,96,96,0,0
gh-sbom,RapidView,1,1,1,1,1,1,0,0,1,1,1,1,0,0,0,0,0,0,265,265,0,0,265,265,0,0,265,265,0,0,265,265,265,265,0,0
gh-sbom,house,1,1,1,1,1,1,0,0,1,1,1,1,0,0,0,0,0,0,9,9,0,0,9,9,0,0,9,9,0,0,3,3,9,9,0,0
gh-sbom,bt,1,1,1,1,1,1,0,0,1,1,1,1,0,0,0,0,0,0,64,64,0,0,64,64,0,0,64,64,0,0,25,25,64,64,0,0
gh-sbom,zookeeper,1,1,1,1,1,1,0,0,1,1,1,1,0,0,0,0,0,0,2,2,0,0,2,2,0,0,2,2,0,0,2,2,2,2,0,0
gh-sbom,poi,1,1,1,1,1,1,0,0,1,1,1,1,0,0,0,0,0,0,19,19,0,0,19,19,0,0,19,19,0,0,10,10,19,19,0,0
gh-sbom,mp4parser,1,1,1,1,1,1,0,0,1,1,1,1,0,0,0,0,0,0,38,38,0,0,38,38,0,0,38,38,0,0,24,24,38,38,0,0
gh-sbom,elasticsearch,1,1,1,1,1,1,0,0,1,1,1,1,0,0,0,0,0,0,11,11,0,0,11,11,0,0,11,11,0,0,2,2,11,11,0,0
gh-sbom,matecloud,1,1,1,1,1,1,0,0,1,1,1,1,0,0,0,0,0,0,205,205,0,0,205,205,0,0,205,205,0,0,81,81,205,205,0,0
gh-sbom,nutch,1,1,1,1,1,1,0,0,1,1,1,1,0,0,0,0,0,0,2,2,0,0,2,2,0,0,2,2,0,0,0,0,2,2,0,0
gh-sbom,Minestom,1,1,1,1,1,1,0,0,1,1,1,1,0,0,0,0,0,0,6,6,0,0,6,6,0,0,6,6,0,0,0,0,6,6,0,0
gh-sbom,ByteTCC,1,1,1,1,1,1,0,0,1,1,1,1,0,0,0,0,0,0,120,120,0,0,120,120,0,0,120,120,0,0,40,40,120,120,0,0
gh-sbom,SpringBoot-Shiro-Vue,1,1,1,1,1,1,0,0,1,1,1,1,0,0,0,0,0,0,62,62,0,0,62,62,0,0,62,62,0,0,53,53,62,62,0,0
gh-sbom,jfinal,1,1,1,1,1,1,0,0,1,1,1,1,0,0,0,0,0,0,28,28,0,0,28,28,0,0,28,28,0,0,27,27,28,28,0,0
gh-sbom,swagger2word,1,1,1,1,1,1,0,0,1,1,1,1,0,0,0,0,0,0,11,11,0,0,11,11,0,0,11,11,0,0,4,4,11,11,0,0
gh-sbom,ShedLock,1,1,1,1,1,1,0,0,1,1,1,1,0,0,0,0,0,0,181,181,0,0,181,181,0,0,181,181,0,0,43,43,181,181,0,0
gh-sbom,androidquery,1,1,1,1,1,1,0,0,1,1,1,1,0,0,0,0,0,0,5,5,0,0,5,5,0,0,5,5,0,0,4,4,5,5,0,0
gh-sbom,Botania,1,1,1,1,1,1,0,0,1,1,1,1,0,0,0,0,0,0,41,41,0,0,41,41,0,0,41,41,0,0,29,29,41,41,0,0
gh-sbom,openhtmltopdf,1,1,1,1,1,1,0,0,1,1,1,1,0,0,0,0,0,0,50,50,0,0,50,50,0,0,50,50,0,0,24,24,50,50,0,0
gh-sbom,ssm-demo,1,1,1,1,1,1,0,0,1,1,1,1,0,0,0,0,0,0,31,31,0,0,31,31,0,0,31,31,0,0,29,29,31,31,0,0
gh-sbom,Pantheon,1,1,1,1,1,1,0,0,1,1,1,1,0,0,0,0,0,0,30,30,0,0,30,30,0,0,30,30,0,0,23,23,30,30,0,0
gh-sbom,Resty,1,1,1,1,1,1,0,0,1,1,1,1,0,0,0,0,0,0,43,43,0,0,43,43,0,0,43,43,0,0,28,28,43,43,0,0
gh-sbom,xboot,1,1,1,1,1,1,0,0,1,1,1,1,0,0,0,0,0,0,55,55,0,0,55,55,0,0,55,55,0,0,21,21,55,55,0,0
gh-sbom,HdrHistogram,1,1,1,1,1,1,0,0,1,1,1,1,0,0,0,0,0,0,26,26,0,0,26,26,0,0,26,26,0,0,24,24,26,26,0,0
gh-sbom,kafka,1,1,1,1,1,1,0,0,1,1,1,1,0,0,0,0,0,0,32,32,0,0,32,32,0,0,32,32,0,0,11,11,32,32,0,0
gh-sbom,vectalign,1,1,1,1,1,1,0,0,1,1,1,1,0,0,0,0,0,0,4,4,0,0,4,4,0,0,4,4,0,0,3,3,4,4,0,0
gh-sbom,Mp4Composer-android,1,1,1,1,1,1,0,0,1,1,1,1,0,0,0,0,0,0,2,2,0,0,2,2,0,0,2,2,0,0,0,0,2,2,0,0
gh-sbom,JavaVerbalExpressions,1,1,1,1,1,1,0,0,1,1,1,1,0,0,0,0,0,0,9,9,0,0,9,9,0,0,9,9,0,0,6,6,9,9,0,0
gh-sbom,spider,1,1,1,1,1,1,0,0,1,1,1,1,0,0,0,0,0,0,40,40,0,0,40,40,0,0,40,40,0,0,28,28,40,40,0,0
gh-sbom,jnativehook,1,1,1,1,1,1,0,0,1,1,1,1,0,0,0,0,0,0,22,22,0,0,22,22,0,0,22,22,0,0,12,12,22,22,0,0
gh-sbom,lemon,1,1,1,1,1,1,0,0,1,1,1,1,0,0,0,0,0,0,177,177,0,0,177,177,0,0,177,177,0,0,121,121,177,177,0,0
gh-sbom,spring-boot-learning-examples,1,1,1,1,1,1,0,0,1,1,1,1,0,0,0,0,0,0,70,70,0,0,70,70,0,0,70,70,0,0,33,33,70,70,0,0
gh-sbom,DoKit,1,1,1,1,1,1,0,0,1,1,1,1,0,0,0,0,0,0,736,736,0,0,736,736,0,0,736,736,0,0,673,673,736,736,0,0
gh-sbom,spring-cloud-study,1,1,1,1,1,1,0,0,1,1,1,1,0,0,0,0,0,0,22,22,0,0,22,22,0,0,22,22,0,0,1,1,22,22,0,0
gh-sbom,SpringCloud,1,1,1,1,1,1,0,0,1,1,1,1,0,0,0,0,0,0,78,78,0,0,78,78,0,0,78,78,0,0,29,29,78,78,0,0
gh-sbom,bazel,1,1,1,1,1,1,0,0,1,1,1,1,0,0,0,0,0,0,15,15,0,0,15,15,0,0,15,15,0,0,0,0,15,15,0,0
gh-sbom,docx4j,1,1,1,1,1,1,0,0,1,1,1,1,0,0,0,0,0,0,75,75,0,0,75,75,0,0,75,75,0,0,56,56,75,75,0,0
gh-sbom,motan,1,1,1,1,1,1,0,0,1,1,1,1,0,0,0,0,0,0,97,97,0,0,97,97,0,0,97,97,0,0,55,55,97,97,0,0
gh-sbom,istio-tutorial,1,1,1,1,1,1,0,0,1,1,1,1,0,0,0,0,0,0,271,271,0,0,271,271,0,0,271,271,0,0,228,228,271,271,0,0
gh-sbom,GreenDroid,1,1,1,1,1,1,0,0,1,1,1,1,0,0,0,0,0,0,3,3,0,0,3,3,0,0,3,3,0,0,3,3,3,3,0,0
gh-sbom,mbassador,1,1,1,1,1,1,0,0,1,1,1,1,0,0,0,0,0,0,17,17,0,0,17,17,0,0,17,17,0,0,17,17,17,17,0,0
gh-sbom,robospice,1,1,1,1,1,1,0,0,1,1,1,1,0,0,0,0,0,0,76,76,0,0,76,76,0,0,76,76,0,0,42,42,76,76,0,0
gh-sbom,fitnesse,1,1,1,1,1,1,0,0,1,1,1,1,0,0,0,0,0,0,7,7,0,0,7,7,0,0,7,7,0,0,0,0,7,7,0,0
gh-sbom,AirMapView,1,1,1,1,1,1,0,0,1,1,1,1,0,0,0,0,0,0,3,3,0,0,3,3,0,0,3,3,0,0,0,0,3,3,0,0
gh-sbom,jOOR,1,1,1,1,1,1,0,0,1,1,1,1,0,0,0,0,0,0,11,11,0,0,11,11,0,0,11,11,0,0,10,10,11,11,0,0
gh-sbom,fastjson,1,1,1,1,1,1,0,0,1,1,1,1,0,0,0,0,0,0,71,71,0,0,71,71,0,0,71,71,0,0,59,59,71,71,0,0
gh-sbom,druid,1,1,1,1,1,1,0,0,1,1,1,1,0,0,0,0,0,0,119,119,0,0,119,119,0,0,119,119,0,0,70,70,119,119,0,0
gh-sbom,tomighty,1,1,1,1,1,1,0,0,1,1,1,1,0,0,0,0,0,0,18,18,0,0,18,18,0,0,18,18,0,0,13,13,18,18,0,0
gh-sbom,Seckill,1,1,1,1,1,1,0,0,1,1,1,1,0,0,0,0,0,0,21,21,0,0,21,21,0,0,21,21,0,0,8,8,21,21,0,0
gh-sbom,metrics,1,1,1,1,1,1,0,0,1,1,1,1,0,0,0,0,0,0,161,161,0,0,161,161,0,0,161,161,0,0,60,60,161,161,0,0
gh-sbom,buck,1,1,1,1,1,1,0,0,1,1,1,1,0,0,0,0,0,0,2,2,0,0,2,2,0,0,2,2,0,0,0,0,2,2,0,0
gh-sbom,HoloEverywhere,1,1,1,1,1,1,0,0,1,1,1,1,0,0,0,0,0,0,14,14,0,0,14,14,0,0,14,14,0,0,5,5,14,14,0,0
gh-sbom,Rajawali,1,1,1,1,1,1,0,0,1,1,1,1,0,0,0,0,0,0,6,6,0,0,6,6,0,0,6,6,0,0,0,0,6,6,0,0
gh-sbom,Spring-Boot-Shiro,1,1,1,1,1,1,0,0,1,1,1,1,0,0,0,0,0,0,6,6,0,0,6,6,0,0,6,6,0,0,3,3,6,6,0,0
gh-sbom,kafdrop,1,1,1,1,1,1,0,0,1,1,1,1,0,0,0,0,0,0,37,37,0,0,37,37,0,0,37,37,0,0,7,7,37,37,0,0
gh-sbom,Demos,1,1,1,1,1,1,0,0,1,1,1,1,0,0,0,0,0,0,2,2,0,0,2,2,0,0,2,2,0,0,0,0,2,2,0,0
gh-sbom,synthea,1,1,1,1,1,1,0,0,1,1,1,1,0,0,0,0,0,0,10,10,0,0,10,10,0,0,10,10,0,0,0,0,10,10,0,0
gh-sbom,docker-maven-plugin,1,1,1,1,1,1,0,0,1,1,1,1,0,0,0,0,0,0,37,37,0,0,37,37,0,0,37,37,0,0,34,34,37,37,0,0
gh-sbom,hackpad,1,1,1,1,1,1,0,0,1,1,1,1,0,0,0,0,0,0,1,1,0,0,1,1,0,0,1,1,0,0,0,0,1,1,0,0
gh-sbom,tomcat-redis-session-manager,1,1,1,1,1,1,0,0,1,1,1,1,0,0,0,0,0,0,16,16,0,0,16,16,0,0,16,16,0,0,10,10,16,16,0,0
gh-sbom,aws-sdk-android,1,1,1,1,1,1,0,0,1,1,1,1,0,0,0,0,0,0,97,97,0,0,97,97,0,0,97,97,0,0,89,89,97,97,0,0
gh-sbom,mongo-hadoop,1,1,1,1,1,1,0,0,1,1,1,1,0,0,0,0,0,0,5,5,0,0,5,5,0,0,5,5,0,0,0,0,5,5,0,0
gh-sbom,LeetCodeAnimation,1,1,1,1,1,1,0,0,1,1,1,1,0,0,0,0,0,0,1,1,0,0,1,1,0,0,1,1,0,0,0,0,1,1,0,0
gh-sbom,brigadier,1,1,1,1,1,1,0,0,1,1,1,1,0,0,0,0,0,0,3,3,0,0,3,3,0,0,3,3,0,0,0,0,3,3,0,0
gh-sbom,CoreNLP,1,1,1,1,1,1,0,0,1,1,1,1,0,0,0,0,0,0,30,30,0,0,30,30,0,0,30,30,0,0,27,27,30,30,0,0
gh-sbom,http-kit,1,1,1,1,1,1,0,0,1,1,1,1,0,0,0,0,0,0,5,5,0,0,5,5,0,0,5,5,0,0,0,0,5,5,0,0
gh-sbom,jdbi,1,1,1,1,1,1,0,0,1,1,1,1,0,0,0,0,0,0,267,267,0,0,267,267,0,0,267,267,0,0,71,71,267,267,0,0
gh-sbom,PushTalk,1,1,1,1,1,1,0,0,1,1,1,1,0,0,0,0,0,0,16,16,0,0,16,16,0,0,16,16,0,0,16,16,16,16,0,0
gh-sbom,openScale,1,1,1,1,1,1,0,0,1,1,1,1,0,0,0,0,0,0,91,91,0,0,91,91,0,0,91,91,0,0,87,87,91,91,0,0
gh-sbom,cube-sdk,1,1,1,1,1,1,0,0,1,1,1,1,0,0,0,0,0,0,20,20,0,0,20,20,0,0,20,20,0,0,13,13,20,20,0,0
gh-sbom,uid-generator,1,1,1,1,1,1,0,0,1,1,1,1,0,0,0,0,0,0,17,17,0,0,17,17,0,0,17,17,0,0,17,17,17,17,0,0
gh-sbom,ksql,1,1,1,1,1,1,0,0,1,1,1,1,0,0,0,0,0,0,391,391,0,0,391,391,0,0,391,391,0,0,235,235,391,391,0,0
gh-sbom,six-finger,1,1,1,1,1,1,0,0,1,1,1,1,0,0,0,0,0,0,2,2,0,0,2,2,0,0,2,2,0,0,1,1,2,2,0,0
gh-sbom,qmq,1,1,1,1,1,1,0,0,1,1,1,1,0,0,0,0,0,0,89,89,0,0,89,89,0,0,89,89,0,0,41,41,89,89,0,0
gh-sbom,mango,1,1,1,1,1,1,0,0,1,1,1,1,0,0,0,0,0,0,26,26,0,0,26,26,0,0,26,26,0,0,23,23,26,26,0,0
gh-sbom,mybatis-generator-gui,1,1,1,1,1,1,0,0,1,1,1,1,0,0,0,0,0,0,13,13,0,0,13,13,0,0,13,13,0,0,12,12,13,13,0,0
gh-sbom,java-tutorial,1,1,1,1,1,1,0,0,1,1,1,1,0,0,0,0,0,0,189,189,0,0,189,189,0,0,189,189,0,0,96,96,189,189,0,0
gh-sbom,OpenPDF,1,1,1,1,1,1,0,0,1,1,1,1,0,0,0,0,0,0,58,58,0,0,58,58,0,0,58,58,0,0,31,31,58,58,0,0
gh-sbom,youlai-mall,1,1,1,1,1,1,0,0,1,1,1,1,0,0,0,0,0,0,107,107,0,0,107,107,0,0,107,107,0,0,12,12,107,107,0,0
gh-sbom,parceler,1,1,1,1,1,1,0,0,1,1,1,1,0,0,0,0,0,0,24,24,0,0,24,24,0,0,24,24,0,0,18,18,24,24,0,0
gh-sbom,springdoc-openapi,1,1,1,1,1,1,0,0,1,1,1,1,0,0,0,0,0,0,83,83,0,0,83,83,0,0,83,83,0,0,7,7,83,83,0,0
gh-sbom,spring,1,1,1,1,1,1,0,0,1,1,1,1,0,0,0,0,0,0,35,35,0,0,35,35,0,0,35,35,0,0,22,22,35,35,0,0
gh-sbom,robotium,1,1,1,1,1,1,0,0,1,1,1,1,0,0,0,0,0,0,6,6,0,0,6,6,0,0,6,6,0,0,4,4,6,6,0,0
gh-sbom,exhibitor,1,1,1,1,1,1,0,0,1,1,1,1,0,0,0,0,0,0,50,50,0,0,50,50,0,0,50,50,0,0,23,23,50,50,0,0
gh-sbom,phonegap-plugin-push,1,1,1,1,1,1,0,0,1,1,1,1,0,0,0,0,0,0,12,12,0,0,12,12,0,0,12,12,0,0,12,12,12,12,0,0
gh-sbom,nakadi,1,1,1,1,1,1,0,0,1,1,1,1,0,0,0,0,0,0,28,28,0,0,28,28,0,0,28,28,0,0,25,25,28,28,0,0
gh-sbom,Mybatis-Spring,1,1,1,1,1,1,0,0,1,1,1,1,0,0,0,0,0,0,32,32,0,0,32,32,0,0,32,32,0,0,22,22,32,32,0,0
gh-sbom,cron-utils,1,1,1,1,1,1,0,0,1,1,1,1,0,0,0,0,0,0,33,33,0,0,33,33,0,0,33,33,0,0,29,29,33,33,0,0
gh-sbom,rtree,1,1,1,1,1,1,0,0,1,1,1,1,0,0,0,0,0,0,24,24,0,0,24,24,0,0,24,24,0,0,15,15,24,24,0,0
gh-sbom,BroadleafCommerce,1,1,1,1,1,1,0,0,1,1,1,1,0,0,0,0,0,0,214,214,0,0,214,214,0,0,214,214,0,0,100,100,214,214,0,0
gh-sbom,voldemort,1,1,1,1,1,1,0,0,1,1,1,1,0,0,0,0,0,0,2,2,0,0,2,2,0,0,2,2,0,0,0,0,2,2,0,0
gh-sbom,Elephant,1,1,1,1,1,1,0,0,1,1,1,1,0,0,0,0,0,0,3,3,0,0,3,3,0,0,3,3,0,0,2,2,3,3,0,0
gh-sbom,joda-time-android,1,1,1,1,1,1,0,0,1,1,1,1,0,0,0,0,0,0,3,3,0,0,3,3,0,0,3,3,0,0,0,0,3,3,0,0
gh-sbom,LSPatch,1,1,1,1,1,1,0,0,1,1,1,1,0,0,0,0,0,0,6,6,0,0,6,6,0,0,6,6,0,0,0,0,6,6,0,0
gh-sbom,flume,1,1,1,1,1,1,0,0,1,1,1,1,0,0,0,0,0,0,70,70,0,0,70,70,0,0,70,70,0,0,30,30,70,70,0,0
gh-sbom,MGit,1,1,1,1,1,1,0,0,1,1,1,1,0,0,0,0,0,0,2,2,0,0,2,2,0,0,2,2,0,0,0,0,2,2,0,0
gh-sbom,EdXposed,1,1,1,1,1,1,0,0,1,1,1,1,0,0,0,0,0,0,3,3,0,0,3,3,0,0,3,3,0,0,0,0,3,3,0,0
gh-sbom,PrettyZoo,1,1,1,1,1,1,0,0,1,1,1,1,0,0,0,0,0,0,8,8,0,0,8,8,0,0,8,8,0,0,0,0,8,8,0,0
gh-sbom,Jest,1,1,1,1,1,1,0,0,1,1,1,1,0,0,0,0,0,0,68,68,0,0,68,68,0,0,68,68,0,0,35,35,68,68,0,0
gh-sbom,ha-bridge,1,1,1,1,1,1,0,0,1,1,1,1,0,0,0,0,0,0,21,21,0,0,21,21,0,0,21,21,0,0,17,17,21,21,0,0
gh-sbom,spring-data-book,1,1,1,1,1,1,0,0,1,1,1,1,0,0,0,0,0,0,149,149,0,0,149,149,0,0,149,149,0,0,93,93,149,149,0,0
gh-sbom,GeometricWeather,1,1,1,1,1,1,0,0,1,1,1,1,0,0,0,0,0,0,3,3,0,0,3,3,0,0,3,3,0,0,0,0,3,3,0,0
gh-sbom,spring-cloud,1,1,1,1,1,1,0,0,1,1,1,1,0,0,0,0,0,0,60,60,0,0,60,60,0,0,60,60,0,0,16,16,60,60,0,0
gh-sbom,ffmpeg-cli-wrapper,1,1,1,1,1,1,0,0,1,1,1,1,0,0,0,0,0,0,95,95,0,0,95,95,0,0,95,95,0,0,58,58,95,95,0,0
gh-sbom,pdfbox,1,1,1,1,1,1,0,0,1,1,1,1,0,0,0,0,0,0,46,46,0,0,46,46,0,0,46,46,0,0,15,15,46,46,0,0
gh-sbom,classgraph,1,1,1,1,1,1,0,0,1,1,1,1,0,0,0,0,0,0,48,48,0,0,48,48,0,0,48,48,0,0,29,29,48,48,0,0
gh-sbom,spring-cloud-netflix,1,1,1,1,1,1,0,0,1,1,1,1,0,0,0,0,0,0,125,125,0,0,125,125,0,0,125,125,0,0,15,15,125,125,0,0
gh-sbom,hibernate-orm,1,1,1,1,1,1,0,0,1,1,1,1,0,0,0,0,0,0,21,21,0,0,21,21,0,0,21,21,0,0,5,5,21,21,0,0
gh-sbom,android-pdfview,1,1,1,1,1,1,0,0,1,1,1,1,0,0,0,0,0,0,12,12,0,0,12,12,0,0,12,12,0,0,5,5,12,12,0,0
gh-sbom,gobblin,1,1,1,1,1,1,0,0,1,1,1,1,0,0,0,0,0,0,8,8,0,0,8,8,0,0,8,8,0,0,1,1,8,8,0,0
gh-sbom,Android_CN_OAID,1,1,1,1,1,1,0,0,1,1,1,1,0,0,0,0,0,0,4,4,0,0,4,4,0,0,4,4,0,0,0,0,4,4,0,0
gh-sbom,spring-in-action-v5-translate,1,1,1,1,1,1,0,0,1,1,1,1,0,0,0,0,0,0,60,60,0,0,60,60,0,0,60,60,0,0,33,33,60,60,0,0
gh-sbom,dubbo-spring-boot-starter,1,1,1,1,1,1,0,0,1,1,1,1,0,0,0,0,0,0,11,11,0,0,11,11,0,0,11,11,0,0,5,5,11,11,0,0
gh-sbom,Hyperion-Android,1,1,1,1,1,1,0,0,1,1,1,1,0,0,0,0,0,0,6,6,0,0,6,6,0,0,6,6,0,0,0,0,6,6,0,0
gh-sbom,android-maven-plugin,1,1,1,1,1,1,0,0,1,1,1,1,0,0,0,0,0,0,131,131,0,0,131,131,0,0,131,131,0,0,51,51,131,131,0,0
gh-sbom,drag-sort-listview,1,1,1,1,1,1,0,0,1,1,1,1,0,0,0,0,0,0,11,11,0,0,11,11,0,0,11,11,0,0,6,6,11,11,0,0
gh-sbom,jstorm,1,1,1,1,1,1,0,0,1,1,1,1,0,0,0,0,0,0,156,156,0,0,156,156,0,0,156,156,0,0,116,116,156,156,0,0
gh-sbom,ureport,1,1,1,1,1,1,0,0,1,1,1,1,0,0,0,0,0,0,49,49,0,0,49,49,0,0,49,49,0,0,41,41,49,49,0,0
gh-sbom,pinduoduo_backdoor_unpacker,1,1,1,1,1,1,0,0,1,1,1,1,0,0,0,0,0,0,1,1,0,0,1,1,0,0,1,1,0,0,1,1,1,1,0,0
gh-sbom,SpringMVC-Mybatis-Shiro-redis-0,1,1,1,1,1,1,0,0,1,1,1,1,0,0,0,0,0,0,52,52,0,0,52,52,0,0,52,52,0,0,41,41,52,52,0,0
gh-sbom,GravitySnapHelper,1,1,1,1,1,1,0,0,1,1,1,1,0,0,0,0,0,0,3,3,0,0,3,3,0,0,3,3,0,0,0,0,3,3,0,0
gh-sbom,wvp-GB28181-pro,1,1,1,1,1,1,0,0,1,1,1,1,0,0,0,0,0,0,96,96,0,0,96,96,0,0,96,96,0,0,80,80,96,96,0,0
gh-sbom,jeromq,1,1,1,1,1,1,0,0,1,1,1,1,0,0,0,0,0,0,38,38,0,0,38,38,0,0,38,38,0,0,25,25,38,38,0,0
gh-sbom,configuration-as-code-plugin,1,1,1,1,1,1,0,0,1,1,1,1,0,0,0,0,0,0,80,80,0,0,80,80,0,0,80,80,0,0,5,5,80,80,0,0
gh-sbom,elasticsearch-analysis-pinyin,1,1,1,1,1,1,0,0,1,1,1,1,0,0,0,0,0,0,25,25,0,0,25,25,0,0,25,25,0,0,20,20,25,25,0,0
gh-sbom,Movie_Recommend,1,1,1,1,1,1,0,0,1,1,1,1,0,0,0,0,0,0,54,54,0,0,54,54,0,0,54,54,0,0,44,44,54,54,0,0
gh-sbom,SpongeForge,1,1,1,1,1,1,0,0,1,1,1,1,0,0,0,0,0,0,5,5,0,0,5,5,0,0,5,5,0,0,0,0,5,5,0,0
gh-sbom,Lightweight-Stream-API,1,1,1,1,1,1,0,0,1,1,1,1,0,0,0,0,0,0,3,3,0,0,3,3,0,0,3,3,0,0,0,0,3,3,0,0
gh-sbom,java-common-mistakes,1,1,1,1,1,1,0,0,1,1,1,1,0,0,0,0,0,0,29,29,0,0,29,29,0,0,29,29,0,0,9,9,29,29,0,0
gh-sbom,thinking-in-spring-boot-samples,1,1,1,1,1,1,0,0,1,1,1,1,0,0,0,0,0,0,48,48,0,0,48,48,0,0,48,48,0,0,19,19,48,48,0,0
gh-sbom,Java,1,1,1,1,1,1,0,0,1,1,1,1,0,0,0,0,0,0,26,26,0,0,26,26,0,0,26,26,0,0,11,11,26,26,0,0
gh-sbom,fabric,1,1,1,1,1,1,0,0,1,1,1,1,0,0,0,0,0,0,7,7,0,0,7,7,0,0,7,7,0,0,0,0,7,7,0,0
gh-sbom,material-intro,1,1,1,1,1,1,0,0,1,1,1,1,0,0,0,0,0,0,5,5,0,0,5,5,0,0,5,5,0,0,0,0,5,5,0,0
gh-sbom,simple-java-mail,1,1,1,1,1,1,0,0,1,1,1,1,0,0,0,0,0,0,65,65,0,0,65,65,0,0,65,65,0,0,29,29,65,65,0,0
gh-sbom,heritrix3,1,1,1,1,1,1,0,0,1,1,1,1,0,0,0,0,0,0,189,189,0,0,189,189,0,0,189,189,0,0,154,154,189,189,0,0
gh-sbom,xdocreport,1,1,1,1,1,1,0,0,1,1,1,1,0,0,0,0,0,0,170,170,0,0,170,170,0,0,170,170,0,0,83,83,170,170,0,0
gh-sbom,modelmapper,1,1,1,1,1,1,0,0,1,1,1,1,0,0,0,0,0,0,64,64,0,0,64,64,0,0,64,64,0,0,34,34,64,64,0,0
gh-sbom,syncthing-android,1,1,1,1,1,1,0,0,1,1,1,1,0,0,0,0,0,0,7,7,0,0,7,7,0,0,7,7,0,0,0,0,7,7,0,0
