tool,repo,Name_exist,Name_true_exist,spdxVersion_exist,spdxVersion_true_exist,dataLicense_exist,dataLicense_true_exist,SPDXID_exist,SPDXID_true_exist,documentNamespace_exist,documentNamespace_true_exist,creators_exist,creators_true_exist,created_exist,created_true_exist,name_exist,name_true_exist,spdxid_exist,spdxid_true_exist,downloadLocation_exist,downloadLocation_true_exist,versionInfo_exist,versionInfo_true_exist,packageVerificationCode_exist,packageVerificationCode_true_exist,originator_exist,originator_true_exist,supplier_exist,supplier_true_exist,licenseConcluded_exist,licenseConcluded_true_exist,licenseDeclared_exist,licenseDeclared_true_exist,copyrightText_exist,copyrightText_true_exist,externalRefs_exist,externalRefs_true_exist,cpe_exist,cpe_true_exist,cpe_pkg_level,purl_exist,purl_true_exist,name_exist,name_true_exist,spdxid_exist,spdxid_true_exist,checksum_exist,checksum_true_exist
ort,RTKLIB,1,1,1,1,1,1,1,1,1,1,1,1,1,1,1,1,1,1,1,0,1,1,0,0,0,0,0,0,1,0,1,0,1,1,1,0,0,0,0,0,0,0,0,0,0,0,0
ort,keen,1,1,1,1,1,1,1,1,1,1,1,1,1,1,1,1,1,1,1,0,1,1,0,0,0,0,0,0,1,0,1,0,1,1,1,0,0,0,0,0,0,0,0,0,0,0,0
ort,pgvector,1,1,1,1,1,1,1,1,1,1,1,1,1,1,1,1,1,1,1,0,1,1,0,0,0,0,0,0,1,0,1,0,1,1,1,0,0,0,0,0,0,0,0,0,0,0,0
ort,minisign,1,1,1,1,1,1,1,1,1,1,1,1,1,1,1,1,1,1,1,0,1,1,0,0,0,0,0,0,1,0,1,0,1,1,1,0,0,0,0,0,0,0,0,0,0,0,0
ort,redshift,1,1,1,1,1,1,1,1,1,1,1,1,1,1,1,1,1,1,1,0,1,1,0,0,0,0,0,0,1,0,1,0,1,1,1,0,0,0,0,0,0,0,0,0,0,0,0
ort,wax,1,1,1,1,1,1,1,1,1,1,1,1,1,1,1,1,1,1,1,0,1,1,0,0,0,0,0,0,1,0,1,0,1,1,1,0,0,0,0,0,0,0,0,0,0,0,0
ort,irssi,1,1,1,1,1,1,1,1,1,1,1,1,1,1,1,1,1,1,1,0,1,1,0,0,0,0,0,0,1,0,1,0,1,1,1,0,0,0,0,0,0,0,0,0,0,0,0
ort,sandboxie,1,1,1,1,1,1,1,1,1,1,1,1,1,1,19,19,19,19,19,0,1,1,0,0,0,0,0,0,19,0,19,0,19,19,19,0,0,0,0,0,0,0,0,0,0,0,0
ort,flipperzero-firmware,1,1,1,1,1,1,1,1,1,1,1,1,1,1,1,1,1,1,1,0,1,1,0,0,0,0,0,0,1,0,1,0,1,1,1,0,0,0,0,0,0,0,0,0,0,0,0
ort,john,1,1,1,1,1,1,1,1,1,1,1,1,1,1,1,1,1,1,1,0,1,1,0,0,0,0,0,0,1,0,1,0,1,1,1,0,0,0,0,0,0,0,0,0,0,0,0
ort,secp256k1,1,1,1,1,1,1,1,1,1,1,1,1,1,1,1,1,1,1,1,0,1,1,0,0,0,0,0,0,1,0,1,0,1,1,1,0,0,0,0,0,0,0,0,0,0,0,0
ort,LibreraReader,1,1,1,1,1,1,1,1,1,1,1,1,1,1,6,6,6,6,6,0,0,0,0,0,0,0,0,0,6,0,6,0,6,2,6,0,0,0,0,0,0,0,0,0,0,0,0
ort,word2vec,1,1,1,1,1,1,1,1,1,1,1,1,1,1,8,8,8,8,8,6,7,7,2,2,0,0,0,0,8,0,8,4,8,8,2,6,0,0,0,6,6,1065,1065,1065,1065,1065,1065
ort,esp_wifi_repeater,1,1,1,1,1,1,1,1,1,1,1,1,1,1,1,1,1,1,1,0,1,1,0,0,0,0,0,0,1,0,1,0,1,1,1,0,0,0,0,0,0,0,0,0,0,0,0
ort,FFmpegMediaMetadataRetriever,1,1,1,1,1,1,1,1,1,1,1,1,1,1,4,4,4,4,4,0,0,0,0,0,0,0,0,0,4,0,4,0,4,4,4,0,0,0,0,0,0,0,0,0,0,0,0
ort,DOOM,1,1,1,1,1,1,1,1,1,1,1,1,1,1,1,1,1,1,1,0,1,1,0,0,0,0,0,0,1,0,1,0,1,1,1,0,0,0,0,0,0,0,0,0,0,0,0
ort,streem,1,1,1,1,1,1,1,1,1,1,1,1,1,1,1,1,1,1,1,0,1,1,0,0,0,0,0,0,1,0,1,0,1,1,1,0,0,0,0,0,0,0,0,0,0,0,0
ort,simple-obfs,1,1,1,1,1,1,1,1,1,1,1,1,1,1,1,1,1,1,1,0,1,1,0,0,0,0,0,0,1,0,1,0,1,1,1,0,0,0,0,0,0,0,0,0,0,0,0
ort,donut,1,1,1,1,1,1,1,1,1,1,1,1,1,1,5,5,5,5,5,0,1,1,0,0,0,0,0,0,5,0,5,1,5,5,5,0,0,0,0,0,0,0,0,0,0,0,0
ort,Open-Golf,1,1,1,1,1,1,1,1,1,1,1,1,1,1,3,3,3,3,3,0,1,1,0,0,0,0,0,0,3,0,3,0,3,3,3,0,0,0,0,0,0,0,0,0,0,0,0
ort,polipo,1,1,1,1,1,1,1,1,1,1,1,1,1,1,1,1,1,1,1,0,1,1,0,0,0,0,0,0,1,0,1,0,1,1,1,0,0,0,0,0,0,0,0,0,0,0,0
ort,curl,1,1,1,1,1,1,1,1,1,1,1,1,1,1,66,66,66,66,66,62,65,65,21,21,0,0,0,0,66,0,66,46,66,64,3,63,0,0,0,63,63,1554,1554,1554,1554,1554,1554
ort,nginx-module-vts,1,1,1,1,1,1,1,1,1,1,1,1,1,1,1,1,1,1,1,0,1,1,0,0,0,0,0,0,1,0,1,0,1,1,1,0,0,0,0,0,0,0,0,0,0,0,0
ort,renderer,1,1,1,1,1,1,1,1,1,1,1,1,1,1,1,1,1,1,1,0,1,1,0,0,0,0,0,0,1,0,1,0,1,1,1,0,0,0,0,0,0,0,0,0,0,0,0
ort,ovs,1,1,1,1,1,1,1,1,1,1,1,1,1,1,4,4,4,4,4,0,1,1,0,0,0,0,0,0,4,0,4,0,4,4,4,0,0,0,0,0,0,0,0,0,0,0,0
ort,smenu,1,1,1,1,1,1,1,1,1,1,1,1,1,1,1,1,1,1,1,0,1,1,0,0,0,0,0,0,1,0,1,0,1,1,1,0,0,0,0,0,0,0,0,0,0,0,0
ort,AirConnect,1,1,1,1,1,1,1,1,1,1,1,1,1,1,3,3,3,3,3,0,1,1,0,0,0,0,0,0,3,0,3,0,3,2,3,0,0,0,0,0,0,0,0,0,0,0,0
ort,esp8266-oled-ssd1306,1,1,1,1,1,1,1,1,1,1,1,1,1,1,1,1,1,1,1,0,1,1,0,0,0,0,0,0,1,0,1,0,1,1,1,0,0,0,0,0,0,0,0,0,0,0,0
ort,simplest_ffmpeg_mobile,1,1,1,1,1,1,1,1,1,1,1,1,1,1,2,2,2,2,2,0,1,1,0,0,0,0,0,0,2,0,2,0,2,2,2,0,0,0,0,0,0,0,0,0,0,0,0
ort,arcore-android-sdk,1,1,1,1,1,1,1,1,1,1,1,1,1,1,41,41,41,41,41,0,1,1,0,0,0,0,0,0,41,0,41,0,41,41,41,0,0,0,0,0,0,0,0,0,0,0,0
ort,clink,1,1,1,1,1,1,1,1,1,1,1,1,1,1,1,1,1,1,1,0,1,1,0,0,0,0,0,0,1,0,1,0,1,1,1,0,0,0,0,0,0,0,0,0,0,0,0
ort,wrk,1,1,1,1,1,1,1,1,1,1,1,1,1,1,1,1,1,1,1,0,1,1,0,0,0,0,0,0,1,0,1,0,1,1,1,0,0,0,0,0,0,0,0,0,0,0,0
ort,Quake-III-Arena,1,1,1,1,1,1,1,1,1,1,1,1,1,1,1,1,1,1,1,0,1,1,0,0,0,0,0,0,1,0,1,0,1,1,1,0,0,0,0,0,0,0,0,0,0,0,0
ort,EDRs,1,1,1,1,1,1,1,1,1,1,1,1,1,1,1,1,1,1,1,0,1,1,0,0,0,0,0,0,1,0,1,0,1,0,1,0,0,0,0,0,0,0,0,0,0,0,0
ort,htop,1,1,1,1,1,1,1,1,1,1,1,1,1,1,1,1,1,1,1,0,1,1,0,0,0,0,0,0,1,0,1,0,1,1,1,0,0,0,0,0,0,0,0,0,0,0,0
ort,raygui,1,1,1,1,1,1,1,1,1,1,1,1,1,1,11,11,11,11,11,0,1,1,0,0,0,0,0,0,11,0,11,0,11,11,11,0,0,0,0,0,0,0,0,0,0,0,0
ort,mjpg-streamer,1,1,1,1,1,1,1,1,1,1,1,1,1,1,1,1,1,1,1,0,1,1,0,0,0,0,0,0,1,0,1,0,1,1,1,0,0,0,0,0,0,0,0,0,0,0,0
ort,sshfs,1,1,1,1,1,1,1,1,1,1,1,1,1,1,1,1,1,1,1,0,1,1,0,0,0,0,0,0,1,0,1,0,1,1,1,0,0,0,0,0,0,0,0,0,0,0,0
ort,ccv,1,1,1,1,1,1,1,1,1,1,1,1,1,1,1,1,1,1,1,0,0,0,0,0,0,0,0,0,1,0,1,0,1,1,1,0,0,0,0,0,0,0,0,0,0,0,0
ort,mbed-os,1,1,1,1,1,1,1,1,1,1,1,1,1,1,26,26,26,26,26,21,25,25,8,8,0,0,0,0,26,0,26,14,26,26,3,23,0,0,0,23,23,196,196,196,196,196,196
ort,BlackHole,1,1,1,1,1,1,1,1,1,1,1,1,1,1,1,1,1,1,1,0,1,1,0,0,0,0,0,0,1,0,1,0,1,1,1,0,0,0,0,0,0,0,0,0,0,0,0
ort,packr,1,1,1,1,1,1,1,1,1,1,1,1,1,1,65,65,65,65,65,63,63,63,21,21,0,0,0,0,65,0,65,63,65,64,2,63,0,0,0,63,63,280196,280196,280196,280196,280196,280196
ort,timescaledb,1,1,1,1,1,1,1,1,1,1,1,1,1,1,1,1,1,1,1,0,1,1,0,0,0,0,0,0,1,0,1,0,1,1,1,0,0,0,0,0,0,0,0,0,0,0,0
ort,winscp,1,1,1,1,1,1,1,1,1,1,1,1,1,1,7,7,7,7,7,3,4,4,1,1,0,0,0,0,7,0,7,0,7,6,4,3,0,0,0,3,3,0,0,0,0,0,0
ort,rugged,1,1,1,1,1,1,1,1,1,1,1,1,1,1,22,22,22,22,22,14,22,22,7,7,0,0,0,0,22,0,22,22,22,22,1,21,0,0,0,21,21,703,703,703,703,703,703
ort,php-beast,1,1,1,1,1,1,1,1,1,1,1,1,1,1,1,1,1,1,1,0,1,1,0,0,0,0,0,0,1,0,1,0,1,1,1,0,0,0,0,0,0,0,0,0,0,0,0
ort,c-algorithms,1,1,1,1,1,1,1,1,1,1,1,1,1,1,1,1,1,1,1,0,1,1,0,0,0,0,0,0,1,0,1,0,1,1,1,0,0,0,0,0,0,0,0,0,0,0,0
ort,WindTerm,1,1,1,1,1,1,1,1,1,1,1,1,1,1,1,1,1,1,1,0,1,1,0,0,0,0,0,0,1,0,1,0,1,1,1,0,0,0,0,0,0,0,0,0,0,0,0
ort,FreeRDP,1,1,1,1,1,1,1,1,1,1,1,1,1,1,4,4,4,4,4,0,1,1,0,0,0,0,0,0,4,0,4,0,4,4,4,0,0,0,0,0,0,0,0,0,0,0,0
ort,mruby,1,1,1,1,1,1,1,1,1,1,1,1,1,1,19,19,19,19,19,12,18,18,6,6,0,0,0,0,19,0,19,18,19,19,1,18,0,0,0,18,18,84,84,84,84,84,84
ort,ElectronBot,1,1,1,1,1,1,1,1,1,1,1,1,1,1,1,1,1,1,1,0,1,1,0,0,0,0,0,0,1,0,1,0,1,1,1,0,0,0,0,0,0,0,0,0,0,0,0
ort,iperf,1,1,1,1,1,1,1,1,1,1,1,1,1,1,1,1,1,1,1,0,1,1,0,0,0,0,0,0,1,0,1,0,1,1,1,0,0,0,0,0,0,0,0,0,0,0,0
ort,libsoundio,1,1,1,1,1,1,1,1,1,1,1,1,1,1,1,1,1,1,1,0,1,1,0,0,0,0,0,0,1,0,1,0,1,1,1,0,0,0,0,0,0,0,0,0,0,0,0
ort,Validity90,1,1,1,1,1,1,1,1,1,1,1,1,1,1,1,1,1,1,1,0,1,1,0,0,0,0,0,0,1,0,1,0,1,1,1,0,0,0,0,0,0,0,0,0,0,0,0
ort,orioledb,1,1,1,1,1,1,1,1,1,1,1,1,1,1,1,1,1,1,1,0,1,1,0,0,0,0,0,0,1,0,1,0,1,1,1,0,0,0,0,0,0,0,0,0,0,0,0
ort,libaco,1,1,1,1,1,1,1,1,1,1,1,1,1,1,1,1,1,1,1,0,1,1,0,0,0,0,0,0,1,0,1,0,1,1,1,0,0,0,0,0,0,0,0,0,0,0,0
ort,ly,1,1,1,1,1,1,1,1,1,1,1,1,1,1,1,1,1,1,1,0,1,1,0,0,0,0,0,0,1,0,1,0,1,1,1,0,0,0,0,0,0,0,0,0,0,0,0
ort,Xtreme-Firmware,1,1,1,1,1,1,1,1,1,1,1,1,1,1,2,2,2,2,2,0,1,1,0,0,0,0,0,0,2,0,2,0,2,2,2,0,0,0,0,0,0,0,0,0,0,0,0
ort,capstone,1,1,1,1,1,1,1,1,1,1,1,1,1,1,41,41,41,41,41,11,15,15,4,4,0,0,0,0,41,0,41,12,41,41,29,12,0,0,0,12,12,38,38,38,38,38,38
ort,rawdrawandroid,1,1,1,1,1,1,1,1,1,1,1,1,1,1,1,1,1,1,1,0,1,1,0,0,0,0,0,0,1,0,1,0,1,1,1,0,0,0,0,0,0,0,0,0,0,0,0
ort,xcape,1,1,1,1,1,1,1,1,1,1,1,1,1,1,1,1,1,1,1,0,1,1,0,0,0,0,0,0,1,0,1,0,1,1,1,0,0,0,0,0,0,0,0,0,0,0,0
ort,beanstalkd,1,1,1,1,1,1,1,1,1,1,1,1,1,1,1,1,1,1,1,0,1,1,0,0,0,0,0,0,1,0,1,0,1,1,1,0,0,0,0,0,0,0,0,0,0,0,0
ort,rlwrap,1,1,1,1,1,1,1,1,1,1,1,1,1,1,1,1,1,1,1,0,1,1,0,0,0,0,0,0,1,0,1,0,1,1,1,0,0,0,0,0,0,0,0,0,0,0,0
ort,pulseaudio-modules-bt,1,1,1,1,1,1,1,1,1,1,1,1,1,1,1,1,1,1,1,0,1,1,0,0,0,0,0,0,1,0,1,0,1,1,1,0,0,0,0,0,0,0,0,0,0,0,0
ort,qemu-t8030,1,1,1,1,1,1,1,1,1,1,1,1,1,1,12,12,12,12,12,8,11,11,3,3,0,0,0,0,12,0,12,8,12,12,4,8,0,0,0,8,8,249,249,249,249,249,249
ort,Tinyhttpd,1,1,1,1,1,1,1,1,1,1,1,1,1,1,1,1,1,1,1,0,1,1,0,0,0,0,0,0,1,0,1,0,1,1,1,0,0,0,0,0,0,0,0,0,0,0,0
ort,cstore_fdw,1,1,1,1,1,1,1,1,1,1,1,1,1,1,1,1,1,1,1,0,1,1,0,0,0,0,0,0,1,0,1,0,1,1,1,0,0,0,0,0,0,0,0,0,0,0,0
ort,WebBench,1,1,1,1,1,1,1,1,1,1,1,1,1,1,1,1,1,1,1,0,1,1,0,0,0,0,0,0,1,0,1,0,1,1,1,0,0,0,0,0,0,0,0,0,0,0,0
ort,esp8266-wiki,1,1,1,1,1,1,1,1,1,1,1,1,1,1,1,1,1,1,1,0,1,1,0,0,0,0,0,0,1,0,1,0,1,0,1,0,0,0,0,0,0,0,0,0,0,0,0
ort,npcap,1,1,1,1,1,1,1,1,1,1,1,1,1,1,39,39,39,39,39,0,1,1,0,0,0,0,0,0,39,0,39,0,39,39,39,0,0,0,0,0,0,0,0,0,0,0,0
ort,coreutils,1,1,1,1,1,1,1,1,1,1,1,1,1,1,1,1,1,1,1,0,1,1,0,0,0,0,0,0,1,0,1,0,1,1,1,0,0,0,0,0,0,0,0,0,0,0,0
ort,pwnat,1,1,1,1,1,1,1,1,1,1,1,1,1,1,1,1,1,1,1,0,1,1,0,0,0,0,0,0,1,0,1,0,1,1,1,0,0,0,0,0,0,0,0,0,0,0,0
ort,torch7,1,1,1,1,1,1,1,1,1,1,1,1,1,1,1,1,1,1,1,0,1,1,0,0,0,0,0,0,1,0,1,0,1,1,1,0,0,0,0,0,0,0,0,0,0,0,0
ort,Craft,1,1,1,1,1,1,1,1,1,1,1,1,1,1,1,1,1,1,1,0,1,1,0,0,0,0,0,0,1,0,1,0,1,1,1,0,0,0,0,0,0,0,0,0,0,0,0
ort,immortalwrt,1,1,1,1,1,1,1,1,1,1,1,1,1,1,1,1,1,1,1,0,1,1,0,0,0,0,0,0,1,0,1,0,1,1,1,0,0,0,0,0,0,0,0,0,0,0,0
ort,chibicc,1,1,1,1,1,1,1,1,1,1,1,1,1,1,1,1,1,1,1,0,1,1,0,0,0,0,0,0,1,0,1,0,1,1,1,0,0,0,0,0,0,0,0,0,0,0,0
ort,lk,1,1,1,1,1,1,1,1,1,1,1,1,1,1,2,2,2,2,2,0,1,1,0,0,0,0,0,0,2,0,2,0,2,2,2,0,0,0,0,0,0,0,0,0,0,0,0
ort,ics-openvpn,1,1,1,1,1,1,1,1,1,1,1,1,1,1,4,4,4,4,4,0,0,0,0,0,0,0,0,0,4,0,4,0,4,4,4,0,0,0,0,0,0,0,0,0,0,0,0
ort,mozjpeg,1,1,1,1,1,1,1,1,1,1,1,1,1,1,1,1,1,1,1,0,1,1,0,0,0,0,0,0,1,0,1,0,1,1,1,0,0,0,0,0,0,0,0,0,0,0,0
ort,Unity,1,1,1,1,1,1,1,1,1,1,1,1,1,1,1,1,1,1,1,0,1,1,0,0,0,0,0,0,1,0,1,0,1,1,1,0,0,0,0,0,0,0,0,0,0,0,0
ort,twemproxy,1,1,1,1,1,1,1,1,1,1,1,1,1,1,1,1,1,1,1,0,1,1,0,0,0,0,0,0,1,0,1,0,1,1,1,0,0,0,0,0,0,0,0,0,0,0,0
ort,activate-linux,1,1,1,1,1,1,1,1,1,1,1,1,1,1,1,1,1,1,1,0,1,1,0,0,0,0,0,0,1,0,1,0,1,1,1,0,0,0,0,0,0,0,0,0,0,0,0
ort,Configurations,1,1,1,1,1,1,1,1,1,1,1,1,1,1,1,1,1,1,1,0,1,1,0,0,0,0,0,0,1,0,1,0,1,1,1,0,0,0,0,0,0,0,0,0,0,0,0
ort,cuda-samples,1,1,1,1,1,1,1,1,1,1,1,1,1,1,565,565,565,565,565,0,1,1,0,0,0,0,0,0,565,0,565,0,565,565,565,0,0,0,0,0,0,0,0,0,0,0,0
ort,darkforestGo,1,1,1,1,1,1,1,1,1,1,1,1,1,1,1,1,1,1,1,0,1,1,0,0,0,0,0,0,1,0,1,0,1,1,1,0,0,0,0,0,0,0,0,0,0,0,0
ort,Hypervisor-From-Scratch,1,1,1,1,1,1,1,1,1,1,1,1,1,1,13,13,13,13,13,0,1,1,0,0,0,0,0,0,13,0,13,0,13,13,13,0,0,0,0,0,0,0,0,0,0,0,0
ort,esp-iot-solution,1,1,1,1,1,1,1,1,1,1,1,1,1,1,2,2,2,2,2,0,1,1,0,0,0,0,0,0,2,0,2,0,2,2,2,0,0,0,0,0,0,0,0,0,0,0,0
ort,libqrencode,1,1,1,1,1,1,1,1,1,1,1,1,1,1,1,1,1,1,1,0,1,1,0,0,0,0,0,0,1,0,1,0,1,1,1,0,0,0,0,0,0,0,0,0,0,0,0
ort,ProjectNorthStar,1,1,1,1,1,1,1,1,1,1,1,1,1,1,1,1,1,1,1,0,1,1,0,0,0,0,0,0,1,0,1,0,1,1,1,0,0,0,0,0,0,0,0,0,0,0,0
ort,jit-tutorial,1,1,1,1,1,1,1,1,1,1,1,1,1,1,1,1,1,1,1,0,1,1,0,0,0,0,0,0,1,0,1,0,1,0,1,0,0,0,0,0,0,0,0,0,0,0,0
ort,FFmpegAndroid,1,1,1,1,1,1,1,1,1,1,1,1,1,1,6,6,6,6,6,0,0,0,0,0,0,0,0,0,6,0,6,0,6,4,6,0,0,0,0,0,0,0,0,0,0,0,0
ort,ChameleonMini,1,1,1,1,1,1,1,1,1,1,1,1,1,1,7,7,7,7,7,4,7,7,2,2,0,0,0,0,7,0,7,5,7,7,2,5,0,0,0,5,5,84,84,84,84,84,84
ort,palera1n,1,1,1,1,1,1,1,1,1,1,1,1,1,1,1,1,1,1,1,0,1,1,0,0,0,0,0,0,1,0,1,0,1,1,1,0,0,0,0,0,0,0,0,0,0,0,0
ort,7-Zip-zstd,1,1,1,1,1,1,1,1,1,1,1,1,1,1,1,1,1,1,1,0,1,1,0,0,0,0,0,0,1,0,1,0,1,1,1,0,0,0,0,0,0,0,0,0,0,0,0
ort,thc-hydra,1,1,1,1,1,1,1,1,1,1,1,1,1,1,1,1,1,1,1,0,1,1,0,0,0,0,0,0,1,0,1,0,1,1,1,0,0,0,0,0,0,0,0,0,0,0,0
ort,scrcpy,1,1,1,1,1,1,1,1,1,1,1,1,1,1,2,2,2,2,2,0,0,0,0,0,0,0,0,0,2,0,2,0,2,2,2,0,0,0,0,0,0,0,0,0,0,0,0
ort,libsodium,1,1,1,1,1,1,1,1,1,1,1,1,1,1,10,10,10,10,10,0,1,1,0,0,0,0,0,0,10,0,10,0,10,10,10,0,0,0,0,0,0,0,0,0,0,0,0
ort,kvm-guest-drivers-windows,1,1,1,1,1,1,1,1,1,1,1,1,1,1,46,46,46,46,46,0,1,1,0,0,0,0,0,0,46,0,46,0,46,46,46,0,0,0,0,0,0,0,0,0,0,0,0
ort,tinyusb,1,1,1,1,1,1,1,1,1,1,1,1,1,1,75,75,75,75,75,73,75,75,26,26,0,0,0,0,75,0,75,43,75,72,2,73,0,0,0,73,73,1613,1613,1613,1613,1613,1613
ort,btrfs,1,1,1,1,1,1,1,1,1,1,1,1,1,1,1,1,1,1,1,0,1,1,0,0,0,0,0,0,1,0,1,0,1,1,1,0,0,0,0,0,0,0,0,0,0,0,0
ort,gear-lib,1,1,1,1,1,1,1,1,1,1,1,1,1,1,18,18,18,18,18,0,1,1,0,0,0,0,0,0,18,0,18,0,18,18,18,0,0,0,0,0,0,0,0,0,0,0,0
ort,Collections-C,1,1,1,1,1,1,1,1,1,1,1,1,1,1,1,1,1,1,1,0,1,1,0,0,0,0,0,0,1,0,1,0,1,1,1,0,0,0,0,0,0,0,0,0,0,0,0
ort,CPU-X,1,1,1,1,1,1,1,1,1,1,1,1,1,1,1,1,1,1,1,0,1,1,0,0,0,0,0,0,1,0,1,0,1,1,1,0,0,0,0,0,0,0,0,0,0,0,0
ort,ChinaDNS,1,1,1,1,1,1,1,1,1,1,1,1,1,1,1,1,1,1,1,0,1,1,0,0,0,0,0,0,1,0,1,0,1,1,1,0,0,0,0,0,0,0,0,0,0,0,0
ort,bdwgc,1,1,1,1,1,1,1,1,1,1,1,1,1,1,1,1,1,1,1,0,1,1,0,0,0,0,0,0,1,0,1,0,1,1,1,0,0,0,0,0,0,0,0,0,0,0,0
ort,Nuklear,1,1,1,1,1,1,1,1,1,1,1,1,1,1,1,1,1,1,1,0,1,1,0,0,0,0,0,0,1,0,1,0,1,1,1,0,0,0,0,0,0,0,0,0,0,0,0
ort,nmap,1,1,1,1,1,1,1,1,1,1,1,1,1,1,38,38,38,38,38,0,1,1,0,0,0,0,0,0,38,0,38,0,38,38,38,0,0,0,0,0,0,0,0,0,0,0,0
ort,Goldleaf,1,1,1,1,1,1,1,1,1,1,1,1,1,1,31,31,31,31,31,29,31,31,10,10,0,0,0,0,31,0,31,29,31,28,2,29,0,0,0,29,29,2719,2719,2719,2719,2719,2719
ort,moonlight-android,1,1,1,1,1,1,1,1,1,1,1,1,1,1,2,2,2,2,2,0,0,0,0,0,0,0,0,0,2,0,2,0,2,2,2,0,0,0,0,0,0,0,0,0,0,0,0
ort,webgl-noise,1,1,1,1,1,1,1,1,1,1,1,1,1,1,1,1,1,1,1,0,1,1,0,0,0,0,0,0,1,0,1,0,1,1,1,0,0,0,0,0,0,0,0,0,0,0,0
ort,json-tutorial,1,1,1,1,1,1,1,1,1,1,1,1,1,1,1,1,1,1,1,0,1,1,0,0,0,0,0,0,1,0,1,0,1,1,1,0,0,0,0,0,0,0,0,0,0,0,0
ort,uwsgi,1,1,1,1,1,1,1,1,1,1,1,1,1,1,1,1,1,1,1,0,0,0,0,0,0,0,0,0,1,0,1,1,1,1,1,0,0,0,0,0,0,0,0,0,0,0,0
ort,Nintendont,1,1,1,1,1,1,1,1,1,1,1,1,1,1,1,1,1,1,1,0,1,1,0,0,0,0,0,0,1,0,1,0,1,1,1,0,0,0,0,0,0,0,0,0,0,0,0
ort,fontforge,1,1,1,1,1,1,1,1,1,1,1,1,1,1,5,5,5,5,5,3,5,5,1,1,0,0,0,0,5,0,5,3,5,5,2,3,0,0,0,3,3,228,228,228,228,228,228
ort,itlwm,1,1,1,1,1,1,1,1,1,1,1,1,1,1,1,1,1,1,1,0,1,1,0,0,0,0,0,0,1,0,1,0,1,1,1,0,0,0,0,0,0,0,0,0,0,0,0
ort,wasm3,1,1,1,1,1,1,1,1,1,1,1,1,1,1,3,3,3,3,3,0,1,1,0,0,0,0,0,0,3,0,3,0,3,3,3,0,0,0,0,0,0,0,0,0,0,0,0
ort,tinyproxy,1,1,1,1,1,1,1,1,1,1,1,1,1,1,1,1,1,1,1,0,1,1,0,0,0,0,0,0,1,0,1,0,1,1,1,0,0,0,0,0,0,0,0,0,0,0,0
ort,checkedc,1,1,1,1,1,1,1,1,1,1,1,1,1,1,1,1,1,1,1,0,1,1,0,0,0,0,0,0,1,0,1,0,1,1,1,0,0,0,0,0,0,0,0,0,0,0,0
ort,nanovg,1,1,1,1,1,1,1,1,1,1,1,1,1,1,1,1,1,1,1,0,1,1,0,0,0,0,0,0,1,0,1,0,1,1,1,0,0,0,0,0,0,0,0,0,0,0,0
ort,egos-2000,1,1,1,1,1,1,1,1,1,1,1,1,1,1,1,1,1,1,1,0,1,1,0,0,0,0,0,0,1,0,1,0,1,1,1,0,0,0,0,0,0,0,0,0,0,0,0
ort,HashCheck,1,1,1,1,1,1,1,1,1,1,1,1,1,1,15,15,15,15,15,13,13,13,0,0,0,0,0,0,15,0,15,1,15,2,2,13,0,0,0,13,13,0,0,0,0,0,0
ort,nDPI,1,1,1,1,1,1,1,1,1,1,1,1,1,1,107,107,107,107,107,102,106,106,34,34,0,0,0,0,107,0,107,68,107,101,5,102,0,0,0,102,102,1859,1859,1859,1859,1859,1859
ort,TCP-IP-NetworkNote,1,1,1,1,1,1,1,1,1,1,1,1,1,1,1,1,1,1,1,0,1,1,0,0,0,0,0,0,1,0,1,0,1,0,1,0,0,0,0,0,0,0,0,0,0,0,0
ort,dumpdecrypted,1,1,1,1,1,1,1,1,1,1,1,1,1,1,1,1,1,1,1,0,1,1,0,0,0,0,0,0,1,0,1,0,1,0,1,0,0,0,0,0,0,0,0,0,0,0,0
ort,LDD-LinuxDeviceDrivers,1,1,1,1,1,1,1,1,1,1,1,1,1,1,1,1,1,1,1,0,1,1,0,0,0,0,0,0,1,0,1,0,1,1,1,0,0,0,0,0,0,0,0,0,0,0,0
ort,magma,1,1,1,1,1,1,1,1,1,1,1,1,1,1,1,1,1,1,1,0,1,1,0,0,0,0,0,0,1,0,1,0,1,1,1,0,0,0,0,0,0,0,0,0,0,0,0
ort,FidelityFX-FSR2,1,1,1,1,1,1,1,1,1,1,1,1,1,1,1,1,1,1,1,0,1,1,0,0,0,0,0,0,1,0,1,0,1,1,1,0,0,0,0,0,0,0,0,0,0,0,0
ort,cpufetch,1,1,1,1,1,1,1,1,1,1,1,1,1,1,1,1,1,1,1,0,1,1,0,0,0,0,0,0,1,0,1,0,1,1,1,0,0,0,0,0,0,0,0,0,0,0,0
ort,HID,1,1,1,1,1,1,1,1,1,1,1,1,1,1,1,1,1,1,1,0,1,1,0,0,0,0,0,0,1,0,1,0,1,1,1,0,0,0,0,0,0,0,0,0,0,0,0
ort,hekate,1,1,1,1,1,1,1,1,1,1,1,1,1,1,1,1,1,1,1,0,1,1,0,0,0,0,0,0,1,0,1,0,1,1,1,0,0,0,0,0,0,0,0,0,0,0,0
ort,openssl,1,1,1,1,1,1,1,1,1,1,1,1,1,1,1,1,1,1,1,0,1,1,0,0,0,0,0,0,1,0,1,0,1,1,1,0,0,0,0,0,0,0,0,0,0,0,0
ort,openwifi,1,1,1,1,1,1,1,1,1,1,1,1,1,1,1,1,1,1,1,0,1,1,0,0,0,0,0,0,1,0,1,0,1,1,1,0,0,0,0,0,0,0,0,0,0,0,0
ort,PEzor,1,1,1,1,1,1,1,1,1,1,1,1,1,1,3,3,3,3,3,0,1,1,0,0,0,0,0,0,3,0,3,0,3,3,3,0,0,0,0,0,0,0,0,0,0,0,0
ort,inception,1,1,1,1,1,1,1,1,1,1,1,1,1,1,1,1,1,1,1,0,1,1,0,0,0,0,0,0,1,0,1,0,1,1,1,0,0,0,0,0,0,0,0,0,0,0,0
ort,quake2-rerelease-dll,1,1,1,1,1,1,1,1,1,1,1,1,1,1,2,2,2,2,2,0,1,1,0,0,0,0,0,0,2,0,2,0,2,2,2,0,0,0,0,0,0,0,0,0,0,0,0
ort,Arduino_STM32,1,1,1,1,1,1,1,1,1,1,1,1,1,1,9,9,9,9,9,0,1,1,0,0,0,0,0,0,9,0,9,0,9,9,9,0,0,0,0,0,0,0,0,0,0,0,0
ort,shellinabox,1,1,1,1,1,1,1,1,1,1,1,1,1,1,1,1,1,1,1,0,1,1,0,0,0,0,0,0,1,0,1,0,1,1,1,0,0,0,0,0,0,0,0,0,0,0,0
ort,tcpkali,1,1,1,1,1,1,1,1,1,1,1,1,1,1,1,1,1,1,1,0,1,1,0,0,0,0,0,0,1,0,1,0,1,1,1,0,0,0,0,0,0,0,0,0,0,0,0
ort,tsar,1,1,1,1,1,1,1,1,1,1,1,1,1,1,1,1,1,1,1,0,1,1,0,0,0,0,0,0,1,0,1,0,1,1,1,0,0,0,0,0,0,0,0,0,0,0,0
ort,bcrypt-ruby,1,1,1,1,1,1,1,1,1,1,1,1,1,1,28,28,28,28,28,18,28,28,9,9,0,0,0,0,28,0,28,28,28,28,1,27,0,0,0,27,27,44,44,44,44,44,44
ort,cups,1,1,1,1,1,1,1,1,1,1,1,1,1,1,11,11,11,11,11,1,2,2,0,0,0,0,0,0,11,0,11,0,11,10,10,1,0,0,0,1,1,0,0,0,0,0,0
ort,mgba,1,1,1,1,1,1,1,1,1,1,1,1,1,1,34,34,34,34,34,0,1,1,0,0,0,0,0,0,34,0,34,0,34,34,34,0,0,0,0,0,0,0,0,0,0,0,0
ort,Reptile,1,1,1,1,1,1,1,1,1,1,1,1,1,1,1,1,1,1,1,0,1,1,0,0,0,0,0,0,1,0,1,0,1,1,1,0,0,0,0,0,0,0,0,0,0,0,0
ort,libusb,1,1,1,1,1,1,1,1,1,1,1,1,1,1,15,15,15,15,15,0,1,1,0,0,0,0,0,0,15,0,15,0,15,15,15,0,0,0,0,0,0,0,0,0,0,0,0
ort,libfuse,1,1,1,1,1,1,1,1,1,1,1,1,1,1,1,1,1,1,1,0,1,1,0,0,0,0,0,0,1,0,1,0,1,1,1,0,0,0,0,0,0,0,0,0,0,0,0
ort,mimipenguin,1,1,1,1,1,1,1,1,1,1,1,1,1,1,1,1,1,1,1,0,1,1,0,0,0,0,0,0,1,0,1,0,1,1,1,0,0,0,0,0,0,0,0,0,0,0,0
ort,unleashed-firmware,1,1,1,1,1,1,1,1,1,1,1,1,1,1,1,1,1,1,1,0,1,1,0,0,0,0,0,0,1,0,1,0,1,1,1,0,0,0,0,0,0,0,0,0,0,0,0
ort,pbc,1,1,1,1,1,1,1,1,1,1,1,1,1,1,1,1,1,1,1,0,0,0,0,0,0,0,0,0,1,0,1,0,1,1,1,0,0,0,0,0,0,0,0,0,0,0,0
ort,tini,1,1,1,1,1,1,1,1,1,1,1,1,1,1,1,1,1,1,1,0,1,1,0,0,0,0,0,0,1,0,1,0,1,1,1,0,0,0,0,0,0,0,0,0,0,0,0
ort,libjpeg-turbo,1,1,1,1,1,1,1,1,1,1,1,1,1,1,1,1,1,1,1,0,1,1,0,0,0,0,0,0,1,0,1,0,1,1,1,0,0,0,0,0,0,0,0,0,0,0,0
ort,sl,1,1,1,1,1,1,1,1,1,1,1,1,1,1,1,1,1,1,1,0,1,1,0,0,0,0,0,0,1,0,1,0,1,0,1,0,0,0,0,0,0,0,0,0,0,0,0
ort,quadsort,1,1,1,1,1,1,1,1,1,1,1,1,1,1,1,1,1,1,1,0,1,1,0,0,0,0,0,0,1,0,1,0,1,0,1,0,0,0,0,0,0,0,0,0,0,0,0
ort,sm64,1,1,1,1,1,1,1,1,1,1,1,1,1,1,2,2,2,2,2,0,1,1,0,0,0,0,0,0,2,0,2,0,2,2,2,0,0,0,0,0,0,0,0,0,0,0,0
ort,Learn-Algorithms,1,1,1,1,1,1,1,1,1,1,1,1,1,1,1,1,1,1,1,0,1,1,0,0,0,0,0,0,1,0,1,0,1,1,1,0,0,0,0,0,0,0,0,0,0,0,0
ort,rmlint,1,1,1,1,1,1,1,1,1,1,1,1,1,1,3,3,3,3,3,0,0,0,0,0,0,0,0,0,3,0,3,1,3,3,3,0,0,0,0,0,0,0,0,0,0,0,0
ort,zlog,1,1,1,1,1,1,1,1,1,1,1,1,1,1,1,1,1,1,1,0,1,1,0,0,0,0,0,0,1,0,1,0,1,1,1,0,0,0,0,0,0,0,0,0,0,0,0
ort,net-speeder,1,1,1,1,1,1,1,1,1,1,1,1,1,1,1,1,1,1,1,0,1,1,0,0,0,0,0,0,1,0,1,0,1,1,1,0,0,0,0,0,0,0,0,0,0,0,0
ort,ttygif,1,1,1,1,1,1,1,1,1,1,1,1,1,1,1,1,1,1,1,0,1,1,0,0,0,0,0,0,1,0,1,0,1,1,1,0,0,0,0,0,0,0,0,0,0,0,0
ort,android_bootable_recovery,1,1,1,1,1,1,1,1,1,1,1,1,1,1,1,1,1,1,1,0,1,1,0,0,0,0,0,0,1,0,1,0,1,1,1,0,0,0,0,0,0,0,0,0,0,0,0
ort,crypto-algorithms,1,1,1,1,1,1,1,1,1,1,1,1,1,1,1,1,1,1,1,0,1,1,0,0,0,0,0,0,1,0,1,0,1,0,1,0,0,0,0,0,0,0,0,0,0,0,0
ort,pthreads,1,1,1,1,1,1,1,1,1,1,1,1,1,1,1,1,1,1,1,0,1,1,0,0,0,0,0,0,1,0,1,0,1,1,1,0,0,0,0,0,0,0,0,0,0,0,0
ort,flinux,1,1,1,1,1,1,1,1,1,1,1,1,1,1,3,3,3,3,3,1,1,1,0,0,0,0,0,0,3,0,3,0,3,2,2,1,0,0,0,1,1,0,0,0,0,0,0
ort,rubinius,1,1,1,1,1,1,1,1,1,1,1,1,1,1,22,22,22,22,22,0,1,1,0,0,0,0,0,0,22,0,22,0,22,22,22,0,0,0,0,0,0,0,0,0,0,0,0
ort,WidescreenFixesPack,1,1,1,1,1,1,1,1,1,1,1,1,1,1,1,1,1,1,1,0,1,1,0,0,0,0,0,0,1,0,1,0,1,1,1,0,0,0,0,0,0,0,0,0,0,0,0
ort,blender,1,1,1,1,1,1,1,1,1,1,1,1,1,1,18,18,18,18,18,15,17,17,5,5,0,0,0,0,18,0,18,12,18,18,3,15,0,0,0,15,15,38,38,38,38,38,38
ort,nnn,1,1,1,1,1,1,1,1,1,1,1,1,1,1,1,1,1,1,1,0,1,1,0,0,0,0,0,0,1,0,1,0,1,1,1,0,0,0,0,0,0,0,0,0,0,0,0
ort,tidy-html5,1,1,1,1,1,1,1,1,1,1,1,1,1,1,81,81,81,81,81,52,79,79,26,26,0,0,0,0,81,0,81,78,81,79,3,78,0,0,0,78,78,309,309,309,309,309,309
ort,tmux,1,1,1,1,1,1,1,1,1,1,1,1,1,1,1,1,1,1,1,0,1,1,0,0,0,0,0,0,1,0,1,0,1,1,1,0,0,0,0,0,0,0,0,0,0,0,0
ort,windows-kernel-exploits,1,1,1,1,1,1,1,1,1,1,1,1,1,1,4,4,4,4,4,0,1,1,0,0,0,0,0,0,4,0,4,0,4,4,4,0,0,0,0,0,0,0,0,0,0,0,0
ort,hackrf,1,1,1,1,1,1,1,1,1,1,1,1,1,1,62,62,62,62,62,60,62,62,21,21,0,0,0,0,62,0,62,48,62,62,2,60,0,0,0,60,60,1798,1798,1798,1798,1798,1798
ort,netcode,1,1,1,1,1,1,1,1,1,1,1,1,1,1,1,1,1,1,1,0,1,1,0,0,0,0,0,0,1,0,1,0,1,1,1,0,0,0,0,0,0,0,0,0,0,0,0
ort,lvgl,1,1,1,1,1,1,1,1,1,1,1,1,1,1,2,2,2,2,2,0,1,1,0,0,0,0,0,0,2,0,2,0,2,2,2,0,0,0,0,0,0,0,0,0,0,0,0
ort,massdns,1,1,1,1,1,1,1,1,1,1,1,1,1,1,2,2,2,2,2,0,1,1,0,0,0,0,0,0,2,0,2,0,2,2,2,0,0,0,0,0,0,0,0,0,0,0,0
ort,pg_cron,1,1,1,1,1,1,1,1,1,1,1,1,1,1,1,1,1,1,1,0,1,1,0,0,0,0,0,0,1,0,1,0,1,1,1,0,0,0,0,0,0,0,0,0,0,0,0
ort,chia-plotter,1,1,1,1,1,1,1,1,1,1,1,1,1,1,4,4,4,4,4,0,1,1,0,0,0,0,0,0,4,0,4,0,4,4,4,0,0,0,0,0,0,0,0,0,0,0,0
ort,tmk_keyboard,1,1,1,1,1,1,1,1,1,1,1,1,1,1,2,2,2,2,2,0,1,1,0,0,0,0,0,0,2,0,2,0,2,2,2,0,0,0,0,0,0,0,0,0,0,0,0
ort,glibc,1,1,1,1,1,1,1,1,1,1,1,1,1,1,1,1,1,1,1,0,1,1,0,0,0,0,0,0,1,0,1,0,1,1,1,0,0,0,0,0,0,0,0,0,0,0,0
ort,jq,1,1,1,1,1,1,1,1,1,1,1,1,1,1,3,3,3,3,3,0,1,1,0,0,0,0,0,0,3,0,3,0,3,3,3,0,0,0,0,0,0,0,0,0,0,0,0
ort,ZQCNN,1,1,1,1,1,1,1,1,1,1,1,1,1,1,72,72,72,72,72,0,1,1,0,0,0,0,0,0,72,0,72,0,72,72,72,0,0,0,0,0,0,0,0,0,0,0,0
ort,Ditto,1,1,1,1,1,1,1,1,1,1,1,1,1,1,10,10,10,10,10,2,2,2,0,0,0,0,0,0,10,0,10,0,10,2,8,2,0,0,0,2,2,0,0,0,0,0,0
ort,pico-sdk,1,1,1,1,1,1,1,1,1,1,1,1,1,1,1,1,1,1,1,0,1,1,0,0,0,0,0,0,1,0,1,0,1,1,1,0,0,0,0,0,0,0,0,0,0,0,0
ort,dwl,1,1,1,1,1,1,1,1,1,1,1,1,1,1,1,1,1,1,1,0,1,1,0,0,0,0,0,0,1,0,1,0,1,1,1,0,0,0,0,0,0,0,0,0,0,0,0
ort,bjoern,1,1,1,1,1,1,1,1,1,1,1,1,1,1,16,16,16,16,16,15,16,16,5,5,0,0,0,0,16,0,16,12,16,16,1,15,0,0,0,15,15,38,38,38,38,38,38
ort,dpvs,1,1,1,1,1,1,1,1,1,1,1,1,1,1,1,1,1,1,1,0,1,1,0,0,0,0,0,0,1,0,1,0,1,1,1,0,0,0,0,0,0,0,0,0,0,0,0
ort,flatpak,1,1,1,1,1,1,1,1,1,1,1,1,1,1,1,1,1,1,1,0,1,1,0,0,0,0,0,0,1,0,1,0,1,1,1,0,0,0,0,0,0,0,0,0,0,0,0
ort,glew,1,1,1,1,1,1,1,1,1,1,1,1,1,1,17,17,17,17,17,0,1,1,0,0,0,0,0,0,17,0,17,0,17,17,17,0,0,0,0,0,0,0,0,0,0,0,0
ort,SmartAppUpdates,1,1,1,1,1,1,1,1,1,1,1,1,1,1,3,3,3,3,3,0,1,1,0,0,0,0,0,0,3,0,3,0,3,3,3,0,0,0,0,0,0,0,0,0,0,0,0
ort,libarchive,1,1,1,1,1,1,1,1,1,1,1,1,1,1,1,1,1,1,1,0,1,1,0,0,0,0,0,0,1,0,1,0,1,1,1,0,0,0,0,0,0,0,0,0,0,0,0
ort,klib,1,1,1,1,1,1,1,1,1,1,1,1,1,1,1,1,1,1,1,0,1,1,0,0,0,0,0,0,1,0,1,0,1,1,1,0,0,0,0,0,0,0,0,0,0,0,0
ort,VulkanMemoryAllocator,1,1,1,1,1,1,1,1,1,1,1,1,1,1,1,1,1,1,1,0,1,1,0,0,0,0,0,0,1,0,1,0,1,1,1,0,0,0,0,0,0,0,0,0,0,0,0
ort,HyperDbg,1,1,1,1,1,1,1,1,1,1,1,1,1,1,12,12,12,12,12,0,1,1,0,0,0,0,0,0,12,0,12,0,12,12,12,0,0,0,0,0,0,0,0,0,0,0,0
ort,blis,1,1,1,1,1,1,1,1,1,1,1,1,1,1,1,1,1,1,1,0,1,1,0,0,0,0,0,0,1,0,1,0,1,1,1,0,0,0,0,0,0,0,0,0,0,0,0
ort,FidelityFX-FSR,1,1,1,1,1,1,1,1,1,1,1,1,1,1,1,1,1,1,1,0,1,1,0,0,0,0,0,0,1,0,1,0,1,1,1,0,0,0,0,0,0,0,0,0,0,0,0
ort,inav,1,1,1,1,1,1,1,1,1,1,1,1,1,1,1,1,1,1,1,0,1,1,0,0,0,0,0,0,1,0,1,0,1,1,1,0,0,0,0,0,0,0,0,0,0,0,0
ort,disque,1,1,1,1,1,1,1,1,1,1,1,1,1,1,1,1,1,1,1,0,1,1,0,0,0,0,0,0,1,0,1,0,1,1,1,0,0,0,0,0,0,0,0,0,0,0,0
ort,bhook,1,1,1,1,1,1,1,1,1,1,1,1,1,1,3,3,3,3,3,0,0,0,0,0,0,0,0,0,3,0,3,0,3,3,3,0,0,0,0,0,0,0,0,0,0,0,0
ort,Chinese-Vicuna,1,1,1,1,1,1,1,1,1,1,1,1,1,1,2,2,2,2,2,0,0,0,0,0,0,0,0,0,2,0,2,0,2,0,2,0,0,0,0,0,0,0,0,0,0,0,0
ort,mdp,1,1,1,1,1,1,1,1,1,1,1,1,1,1,1,1,1,1,1,0,1,1,0,0,0,0,0,0,1,0,1,0,1,1,1,0,0,0,0,0,0,0,0,0,0,0,0
ort,OpenSimpleLidar,1,1,1,1,1,1,1,1,1,1,1,1,1,1,2,2,2,2,2,0,1,1,0,0,0,0,0,0,2,0,2,0,2,2,2,0,0,0,0,0,0,0,0,0,0,0,0
ort,sds,1,1,1,1,1,1,1,1,1,1,1,1,1,1,1,1,1,1,1,0,1,1,0,0,0,0,0,0,1,0,1,0,1,1,1,0,0,0,0,0,0,0,0,0,0,0,0
ort,cmatrix,1,1,1,1,1,1,1,1,1,1,1,1,1,1,1,1,1,1,1,0,1,1,0,0,0,0,0,0,1,0,1,0,1,1,1,0,0,0,0,0,0,0,0,0,0,0,0
ort,luna,1,1,1,1,1,1,1,1,1,1,1,1,1,1,1,1,1,1,1,0,1,1,0,0,0,0,0,0,1,0,1,0,1,1,1,0,0,0,0,0,0,0,0,0,0,0,0
ort,openssh-portable,1,1,1,1,1,1,1,1,1,1,1,1,1,1,1,1,1,1,1,0,1,1,0,0,0,0,0,0,1,0,1,0,1,1,1,0,0,0,0,0,0,0,0,0,0,0,0
ort,ExplorerPatcher,1,1,1,1,1,1,1,1,1,1,1,1,1,1,20,20,20,20,20,8,9,9,2,2,0,0,0,0,20,0,20,0,20,16,12,8,0,0,0,8,8,46,46,46,46,46,46
ort,xv6-public,1,1,1,1,1,1,1,1,1,1,1,1,1,1,1,1,1,1,1,0,1,1,0,0,0,0,0,0,1,0,1,0,1,1,1,0,0,0,0,0,0,0,0,0,0,0,0
ort,qira,1,1,1,1,1,1,1,1,1,1,1,1,1,1,1,1,1,1,1,0,0,0,0,0,0,0,0,0,1,0,1,0,1,1,1,0,0,0,0,0,0,0,0,0,0,0,0
ort,LearningVideo,1,1,1,1,1,1,1,1,1,1,1,1,1,1,2,2,2,2,2,0,0,0,0,0,0,0,0,0,2,0,2,0,2,2,2,0,0,0,0,0,0,0,0,0,0,0,0
ort,wine,1,1,1,1,1,1,1,1,1,1,1,1,1,1,1,1,1,1,1,0,1,1,0,0,0,0,0,0,1,0,1,0,1,1,1,0,0,0,0,0,0,0,0,0,0,0,0
ort,dperf,1,1,1,1,1,1,1,1,1,1,1,1,1,1,1,1,1,1,1,0,1,1,0,0,0,0,0,0,1,0,1,0,1,1,1,0,0,0,0,0,0,0,0,0,0,0,0
ort,yjPlay,1,1,1,1,1,1,1,1,1,1,1,1,1,1,6,6,6,6,6,0,0,0,0,0,0,0,0,0,6,0,6,0,6,5,6,0,0,0,0,0,0,0,0,0,0,0,0
ort,Skill-Tree,1,1,1,1,1,1,1,1,1,1,1,1,1,1,1,1,1,1,1,0,1,1,0,0,0,0,0,0,1,0,1,0,1,0,1,0,0,0,0,0,0,0,0,0,0,0,0
ort,libtree,1,1,1,1,1,1,1,1,1,1,1,1,1,1,1,1,1,1,1,0,1,1,0,0,0,0,0,0,1,0,1,0,1,1,1,0,0,0,0,0,0,0,0,0,0,0,0
ort,emojicode,1,1,1,1,1,1,1,1,1,1,1,1,1,1,1,1,1,1,1,0,1,1,0,0,0,0,0,0,1,0,1,0,1,1,1,0,0,0,0,0,0,0,0,0,0,0,0
ort,sysstat,1,1,1,1,1,1,1,1,1,1,1,1,1,1,1,1,1,1,1,0,1,1,0,0,0,0,0,0,1,0,1,0,1,1,1,0,0,0,0,0,0,0,0,0,0,0,0
ort,pifs,1,1,1,1,1,1,1,1,1,1,1,1,1,1,1,1,1,1,1,0,1,1,0,0,0,0,0,0,1,0,1,0,1,1,1,0,0,0,0,0,0,0,0,0,0,0,0
ort,nginx-vod-module,1,1,1,1,1,1,1,1,1,1,1,1,1,1,1,1,1,1,1,0,1,1,0,0,0,0,0,0,1,0,1,0,1,1,1,0,0,0,0,0,0,0,0,0,0,0,0
ort,Team-Win-Recovery-Project,1,1,1,1,1,1,1,1,1,1,1,1,1,1,1,1,1,1,1,0,1,1,0,0,0,0,0,0,1,0,1,0,1,1,1,0,0,0,0,0,0,0,0,0,0,0,0
ort,msysgit,1,1,1,1,1,1,1,1,1,1,1,1,1,1,1,1,1,1,1,0,1,1,0,0,0,0,0,0,1,0,1,0,1,1,1,0,0,0,0,0,0,0,0,0,0,0,0
ort,dSYMTools,1,1,1,1,1,1,1,1,1,1,1,1,1,1,2,2,2,2,2,0,1,1,0,0,0,0,0,0,2,0,2,0,2,2,2,0,0,0,0,0,0,0,0,0,0,0,0
ort,google-authenticator-libpam,1,1,1,1,1,1,1,1,1,1,1,1,1,1,1,1,1,1,1,0,1,1,0,0,0,0,0,0,1,0,1,0,1,1,1,0,0,0,0,0,0,0,0,0,0,0,0
ort,libphenom,1,1,1,1,1,1,1,1,1,1,1,1,1,1,1,1,1,1,1,0,1,1,0,0,0,0,0,0,1,0,1,0,1,1,1,0,0,0,0,0,0,0,0,0,0,0,0
ort,ultrajson,1,1,1,1,1,1,1,1,1,1,1,1,1,1,4,4,4,4,4,0,0,0,0,0,0,0,0,0,4,0,4,0,4,4,4,0,0,0,0,0,0,0,0,0,0,0,0
ort,zmap,1,1,1,1,1,1,1,1,1,1,1,1,1,1,1,1,1,1,1,0,1,1,0,0,0,0,0,0,1,0,1,0,1,1,1,0,0,0,0,0,0,0,0,0,0,0,0
ort,reactos,1,1,1,1,1,1,1,1,1,1,1,1,1,1,18,18,18,18,18,0,1,1,0,0,0,0,0,0,18,0,18,0,18,18,18,0,0,0,0,0,0,0,0,0,0,0,0
ort,patchelf,1,1,1,1,1,1,1,1,1,1,1,1,1,1,1,1,1,1,1,0,1,1,0,0,0,0,0,0,1,0,1,0,1,1,1,0,0,0,0,0,0,0,0,0,0,0,0
ort,mpc-hc,1,1,1,1,1,1,1,1,1,1,1,1,1,1,57,57,57,57,57,0,1,1,0,0,0,0,0,0,57,0,57,0,57,0,57,0,0,0,0,0,0,0,0,0,0,0,0
ort,vimcdoc,1,1,1,1,1,1,1,1,1,1,1,1,1,1,1,1,1,1,1,0,1,1,0,0,0,0,0,0,1,0,1,0,1,1,1,0,0,0,0,0,0,0,0,0,0,0,0
ort,kilo,1,1,1,1,1,1,1,1,1,1,1,1,1,1,1,1,1,1,1,0,1,1,0,0,0,0,0,0,1,0,1,0,1,1,1,0,0,0,0,0,0,0,0,0,0,0,0
ort,pafish,1,1,1,1,1,1,1,1,1,1,1,1,1,1,1,1,1,1,1,0,1,1,0,0,0,0,0,0,1,0,1,0,1,1,1,0,0,0,0,0,0,0,0,0,0,0,0
ort,open-gpu-kernel-modules,1,1,1,1,1,1,1,1,1,1,1,1,1,1,1,1,1,1,1,0,1,1,0,0,0,0,0,0,1,0,1,0,1,1,1,0,0,0,0,0,0,0,0,0,0,0,0
ort,skynet,1,1,1,1,1,1,1,1,1,1,1,1,1,1,1,1,1,1,1,0,1,1,0,0,0,0,0,0,1,0,1,0,1,1,1,0,0,0,0,0,0,0,0,0,0,0,0
ort,zelda3,1,1,1,1,1,1,1,1,1,1,1,1,1,1,4,4,4,4,4,2,2,2,0,0,0,0,0,0,4,0,4,0,4,2,2,2,0,0,0,2,2,0,0,0,0,0,0
ort,miraclecast,1,1,1,1,1,1,1,1,1,1,1,1,1,1,1,1,1,1,1,0,1,1,0,0,0,0,0,0,1,0,1,0,1,1,1,0,0,0,0,0,0,0,0,0,0,0,0
ort,L-ink_Card,1,1,1,1,1,1,1,1,1,1,1,1,1,1,2,2,2,2,2,0,1,1,0,0,0,0,0,0,2,0,2,0,2,2,2,0,0,0,0,0,0,0,0,0,0,0,0
ort,nginx-http-flv-module,1,1,1,1,1,1,1,1,1,1,1,1,1,1,1,1,1,1,1,0,1,1,0,0,0,0,0,0,1,0,1,0,1,1,1,0,0,0,0,0,0,0,0,0,0,0,0
ort,LearnOpenGLES,1,1,1,1,1,1,1,1,1,1,1,1,1,1,1,1,1,1,1,0,1,1,0,0,0,0,0,0,1,0,1,0,1,1,1,0,0,0,0,0,0,0,0,0,0,0,0
ort,xhyve,1,1,1,1,1,1,1,1,1,1,1,1,1,1,1,1,1,1,1,0,1,1,0,0,0,0,0,0,1,0,1,0,1,1,1,0,0,0,0,0,0,0,0,0,0,0,0
ort,printf-tac-toe,1,1,1,1,1,1,1,1,1,1,1,1,1,1,1,1,1,1,1,0,1,1,0,0,0,0,0,0,1,0,1,0,1,1,1,0,0,0,0,0,0,0,0,0,0,0,0
ort,FFmpeg,1,1,1,1,1,1,1,1,1,1,1,1,1,1,1,1,1,1,1,0,1,1,0,0,0,0,0,0,1,0,1,0,1,1,1,0,0,0,0,0,0,0,0,0,0,0,0
ort,espeak-ng,1,1,1,1,1,1,1,1,1,1,1,1,1,1,5,5,5,5,5,0,1,1,0,0,0,0,0,0,5,0,5,0,5,5,5,0,0,0,0,0,0,0,0,0,0,0,0
ort,gifsicle,1,1,1,1,1,1,1,1,1,1,1,1,1,1,1,1,1,1,1,0,1,1,0,0,0,0,0,0,1,0,1,0,1,1,1,0,0,0,0,0,0,0,0,0,0,0,0
ort,reptyr,1,1,1,1,1,1,1,1,1,1,1,1,1,1,2,2,2,2,2,0,1,1,0,0,0,0,0,0,2,0,2,0,2,2,2,0,0,0,0,0,0,0,0,0,0,0,0
ort,pgbackrest,1,1,1,1,1,1,1,1,1,1,1,1,1,1,1,1,1,1,1,0,1,1,0,0,0,0,0,0,1,0,1,0,1,1,1,0,0,0,0,0,0,0,0,0,0,0,0
ort,InfiniTime,1,1,1,1,1,1,1,1,1,1,1,1,1,1,19,19,19,19,19,16,19,19,6,6,0,0,0,0,19,0,19,18,19,19,2,17,0,0,0,17,17,392,392,392,392,392,392
ort,GameNetworkingResources,1,1,1,1,1,1,1,1,1,1,1,1,1,1,1,1,1,1,1,0,1,1,0,0,0,0,0,0,1,0,1,0,1,0,1,0,0,0,0,0,0,0,0,0,0,0,0
ort,wsltty,1,1,1,1,1,1,1,1,1,1,1,1,1,1,1,1,1,1,1,0,1,1,0,0,0,0,0,0,1,0,1,0,1,1,1,0,0,0,0,0,0,0,0,0,0,0,0
ort,fishhook,1,1,1,1,1,1,1,1,1,1,1,1,1,1,1,1,1,1,1,0,1,1,0,0,0,0,0,0,1,0,1,0,1,1,1,0,0,0,0,0,0,0,0,0,0,0,0
ort,iodine,1,1,1,1,1,1,1,1,1,1,1,1,1,1,1,1,1,1,1,0,1,1,0,0,0,0,0,0,1,0,1,0,1,1,1,0,0,0,0,0,0,0,0,0,0,0,0
ort,v4l2loopback,1,1,1,1,1,1,1,1,1,1,1,1,1,1,1,1,1,1,1,0,1,1,0,0,0,0,0,0,1,0,1,0,1,1,1,0,0,0,0,0,0,0,0,0,0,0,0
ort,rt-n56u,1,1,1,1,1,1,1,1,1,1,1,1,1,1,11,11,11,11,11,0,1,1,0,0,0,0,0,0,11,0,11,0,11,11,11,0,0,0,0,0,0,0,0,0,0,0,0
ort,CPython-Internals,1,1,1,1,1,1,1,1,1,1,1,1,1,1,5,5,5,5,5,0,3,3,0,0,0,0,0,0,5,0,5,0,5,1,5,0,0,0,0,0,0,0,0,0,0,0,0
ort,sqlitestudio,1,1,1,1,1,1,1,1,1,1,1,1,1,1,1,1,1,1,1,0,1,1,0,0,0,0,0,0,1,0,1,0,1,1,1,0,0,0,0,0,0,0,0,0,0,0,0
ort,ImageMagick,1,1,1,1,1,1,1,1,1,1,1,1,1,1,1,1,1,1,1,0,1,1,0,0,0,0,0,0,1,0,1,0,1,1,1,0,0,0,0,0,0,0,0,0,0,0,0
ort,esp8266_deauther,1,1,1,1,1,1,1,1,1,1,1,1,1,1,1,1,1,1,1,0,1,1,0,0,0,0,0,0,1,0,1,0,1,1,1,0,0,0,0,0,0,0,0,0,0,0,0
ort,sslscan,1,1,1,1,1,1,1,1,1,1,1,1,1,1,1,1,1,1,1,0,1,1,0,0,0,0,0,0,1,0,1,0,1,1,1,0,0,0,0,0,0,0,0,0,0,0,0
ort,mtcp,1,1,1,1,1,1,1,1,1,1,1,1,1,1,1,1,1,1,1,0,1,1,0,0,0,0,0,0,1,0,1,0,1,0,1,0,0,0,0,0,0,0,0,0,0,0,0
ort,LuaJIT,1,1,1,1,1,1,1,1,1,1,1,1,1,1,1,1,1,1,1,0,1,1,0,0,0,0,0,0,1,0,1,0,1,1,1,0,0,0,0,0,0,0,0,0,0,0,0
ort,mac-precision-touchpad,1,1,1,1,1,1,1,1,1,1,1,1,1,1,7,7,7,7,7,0,1,1,0,0,0,0,0,0,7,0,7,0,7,7,7,0,0,0,0,0,0,0,0,0,0,0,0
ort,blinker-nRF52,1,1,1,1,1,1,1,1,1,1,1,1,1,1,1,1,1,1,1,0,1,1,0,0,0,0,0,0,1,0,1,0,1,1,1,0,0,0,0,0,0,0,0,0,0,0,0
ort,katran,1,1,1,1,1,1,1,1,1,1,1,1,1,1,1,1,1,1,1,0,1,1,0,0,0,0,0,0,1,0,1,0,1,1,1,0,0,0,0,0,0,0,0,0,0,0,0
ort,Main_MiSTer,1,1,1,1,1,1,1,1,1,1,1,1,1,1,1,1,1,1,1,0,0,0,0,0,0,0,0,0,1,0,1,0,1,1,1,0,0,0,0,0,0,0,0,0,0,0,0
ort,collectd,1,1,1,1,1,1,1,1,1,1,1,1,1,1,1,1,1,1,1,0,1,1,0,0,0,0,0,0,1,0,1,0,1,1,1,0,0,0,0,0,0,0,0,0,0,0,0
ort,openvpn,1,1,1,1,1,1,1,1,1,1,1,1,1,1,1,1,1,1,1,0,1,1,0,0,0,0,0,0,1,0,1,0,1,1,1,0,0,0,0,0,0,0,0,0,0,0,0
ort,meltdown,1,1,1,1,1,1,1,1,1,1,1,1,1,1,1,1,1,1,1,0,1,1,0,0,0,0,0,0,1,0,1,0,1,1,1,0,0,0,0,0,0,0,0,0,0,0,0
ort,QuickJS,1,1,1,1,1,1,1,1,1,1,1,1,1,1,1,1,1,1,1,0,1,1,0,0,0,0,0,0,1,0,1,0,1,1,1,0,0,0,0,0,0,0,0,0,0,0,0
ort,sl4a,1,1,1,1,1,1,1,1,1,1,1,1,1,1,21,21,21,21,21,6,16,16,2,2,0,0,0,0,21,0,21,8,21,21,15,6,0,0,0,6,6,88,88,88,88,88,88
ort,dsvpn,1,1,1,1,1,1,1,1,1,1,1,1,1,1,1,1,1,1,1,0,1,1,0,0,0,0,0,0,1,0,1,0,1,1,1,0,0,0,0,0,0,0,0,0,0,0,0
ort,nginx_tcp_proxy_module,1,1,1,1,1,1,1,1,1,1,1,1,1,1,1,1,1,1,1,0,1,1,0,0,0,0,0,0,1,0,1,0,1,1,1,0,0,0,0,0,0,0,0,0,0,0,0
ort,sioyek,1,1,1,1,1,1,1,1,1,1,1,1,1,1,1,1,1,1,1,0,1,1,0,0,0,0,0,0,1,0,1,0,1,1,1,0,0,0,0,0,0,0,0,0,0,0,0
ort,webdis,1,1,1,1,1,1,1,1,1,1,1,1,1,1,5,5,5,5,5,3,5,5,1,1,0,0,0,0,5,0,5,3,5,5,2,3,0,0,0,3,3,26,26,26,26,26,26
ort,rainmeter,1,1,1,1,1,1,1,1,1,1,1,1,1,1,33,33,33,33,33,0,1,1,0,0,0,0,0,0,33,0,33,0,33,33,33,0,0,0,0,0,0,0,0,0,0,0,0
ort,input-leap,1,1,1,1,1,1,1,1,1,1,1,1,1,1,1,1,1,1,1,0,1,1,0,0,0,0,0,0,1,0,1,0,1,1,1,0,0,0,0,0,0,0,0,0,0,0,0
ort,kamailio,1,1,1,1,1,1,1,1,1,1,1,1,1,1,1,1,1,1,1,0,1,1,0,0,0,0,0,0,1,0,1,0,1,1,1,0,0,0,0,0,0,0,0,0,0,0,0
ort,httpd,1,1,1,1,1,1,1,1,1,1,1,1,1,1,1,1,1,1,1,0,1,1,0,0,0,0,0,0,1,0,1,0,1,1,1,0,0,0,0,0,0,0,0,0,0,0,0
ort,memreduct,1,1,1,1,1,1,1,1,1,1,1,1,1,1,1,1,1,1,1,0,0,0,0,0,0,0,0,0,1,0,1,0,1,1,1,0,0,0,0,0,0,0,0,0,0,0,0
ort,strace,1,1,1,1,1,1,1,1,1,1,1,1,1,1,1,1,1,1,1,0,1,1,0,0,0,0,0,0,1,0,1,0,1,1,1,0,0,0,0,0,0,0,0,0,0,0,0
ort,nvtop,1,1,1,1,1,1,1,1,1,1,1,1,1,1,1,1,1,1,1,0,1,1,0,0,0,0,0,0,1,0,1,0,1,1,1,0,0,0,0,0,0,0,0,0,0,0,0
ort,OpenSC,1,1,1,1,1,1,1,1,1,1,1,1,1,1,1,1,1,1,1,0,1,1,0,0,0,0,0,0,1,0,1,0,1,1,1,0,0,0,0,0,0,0,0,0,0,0,0
ort,HarmonyOS,1,1,1,1,1,1,1,1,1,1,1,1,1,1,54,54,54,54,54,0,1,1,0,0,0,0,0,0,54,0,54,0,54,3,54,0,0,0,0,0,0,0,0,0,0,0,0
ort,zimg,1,1,1,1,1,1,1,1,1,1,1,1,1,1,1,1,1,1,1,0,1,1,0,0,0,0,0,0,1,0,1,0,1,1,1,0,0,0,0,0,0,0,0,0,0,0,0
ort,FUZIX,1,1,1,1,1,1,1,1,1,1,1,1,1,1,1,1,1,1,1,0,1,1,0,0,0,0,0,0,1,0,1,0,1,1,1,0,0,0,0,0,0,0,0,0,0,0,0
ort,WizQTClient,1,1,1,1,1,1,1,1,1,1,1,1,1,1,1,1,1,1,1,0,1,1,0,0,0,0,0,0,1,0,1,0,1,1,1,0,0,0,0,0,0,0,0,0,0,0,0
ort,macvim,1,1,1,1,1,1,1,1,1,1,1,1,1,1,2,2,2,2,2,0,2,2,0,0,0,0,0,0,2,0,2,0,2,2,2,0,0,0,0,0,0,0,0,0,0,0,0
ort,tbox,1,1,1,1,1,1,1,1,1,1,1,1,1,1,1,1,1,1,1,0,1,1,0,0,0,0,0,0,1,0,1,0,1,1,1,0,0,0,0,0,0,0,0,0,0,0,0
ort,HDMI-PI,1,1,1,1,1,1,1,1,1,1,1,1,1,1,1,1,1,1,1,0,1,1,0,0,0,0,0,0,1,0,1,0,1,1,1,0,0,0,0,0,0,0,0,0,0,0,0
ort,CoreFreq,1,1,1,1,1,1,1,1,1,1,1,1,1,1,1,1,1,1,1,0,1,1,0,0,0,0,0,0,1,0,1,0,1,1,1,0,0,0,0,0,0,0,0,0,0,0,0
ort,rpmalloc,1,1,1,1,1,1,1,1,1,1,1,1,1,1,4,4,4,4,4,0,1,1,0,0,0,0,0,0,4,0,4,0,4,4,4,0,0,0,0,0,0,0,0,0,0,0,0
ort,lua-nginx-module,1,1,1,1,1,1,1,1,1,1,1,1,1,1,1,1,1,1,1,0,1,1,0,0,0,0,0,0,1,0,1,0,1,1,1,0,0,0,0,0,0,0,0,0,0,0,0
ort,proot,1,1,1,1,1,1,1,1,1,1,1,1,1,1,1,1,1,1,1,0,1,1,0,0,0,0,0,0,1,0,1,0,1,1,1,0,0,0,0,0,0,0,0,0,0,0,0
ort,Mirai-Source-Code,1,1,1,1,1,1,1,1,1,1,1,1,1,1,1,1,1,1,1,0,1,1,0,0,0,0,0,0,1,0,1,0,1,1,1,0,0,0,0,0,0,0,0,0,0,0,0
ort,honggfuzz,1,1,1,1,1,1,1,1,1,1,1,1,1,1,1,1,1,1,1,0,1,1,0,0,0,0,0,0,1,0,1,0,1,1,1,0,0,0,0,0,0,0,0,0,0,0,0
ort,OSCPRepo,1,1,1,1,1,1,1,1,1,1,1,1,1,1,1,1,1,1,1,0,1,1,0,0,0,0,0,0,1,0,1,0,1,1,1,0,0,0,0,0,0,0,0,0,0,0,0
ort,NyuziProcessor,1,1,1,1,1,1,1,1,1,1,1,1,1,1,1,1,1,1,1,0,1,1,0,0,0,0,0,0,1,0,1,0,1,1,1,0,0,0,0,0,0,0,0,0,0,0,0
ort,edk2,1,1,1,1,1,1,1,1,1,1,1,1,1,1,3,3,3,3,3,0,0,0,0,0,0,0,0,0,3,0,3,0,3,3,3,0,0,0,0,0,0,0,0,0,0,0,0
ort,Phant0m,1,1,1,1,1,1,1,1,1,1,1,1,1,1,4,4,4,4,4,0,1,1,0,0,0,0,0,0,4,0,4,0,4,3,4,0,0,0,0,0,0,0,0,0,0,0,0
ort,opus,1,1,1,1,1,1,1,1,1,1,1,1,1,1,6,6,6,6,6,0,1,1,0,0,0,0,0,0,6,0,6,0,6,6,6,0,0,0,0,0,0,0,0,0,0,0,0
ort,hitch,1,1,1,1,1,1,1,1,1,1,1,1,1,1,1,1,1,1,1,0,1,1,0,0,0,0,0,0,1,0,1,0,1,1,1,0,0,0,0,0,0,0,0,0,0,0,0
ort,fdupes,1,1,1,1,1,1,1,1,1,1,1,1,1,1,1,1,1,1,1,0,1,1,0,0,0,0,0,0,1,0,1,0,1,1,1,0,0,0,0,0,0,0,0,0,0,0,0
ort,dqlite,1,1,1,1,1,1,1,1,1,1,1,1,1,1,1,1,1,1,1,0,1,1,0,0,0,0,0,0,1,0,1,0,1,1,1,0,0,0,0,0,0,0,0,0,0,0,0
ort,ldd3,1,1,1,1,1,1,1,1,1,1,1,1,1,1,1,1,1,1,1,0,1,1,0,0,0,0,0,0,1,0,1,0,1,1,1,0,0,0,0,0,0,0,0,0,0,0,0
ort,zydis,1,1,1,1,1,1,1,1,1,1,1,1,1,1,19,19,19,19,19,0,1,1,0,0,0,0,0,0,19,0,19,0,19,19,19,0,0,0,0,0,0,0,0,0,0,0,0
ort,jemalloc,1,1,1,1,1,1,1,1,1,1,1,1,1,1,9,9,9,9,9,0,1,1,0,0,0,0,0,0,9,0,9,0,9,9,9,0,0,0,0,0,0,0,0,0,0,0,0
ort,notcurses,1,1,1,1,1,1,1,1,1,1,1,1,1,1,2,2,2,2,2,0,2,2,0,0,0,0,0,0,2,0,2,1,2,2,2,0,0,0,0,0,0,0,0,0,0,0,0
ort,stm32f429,1,1,1,1,1,1,1,1,1,1,1,1,1,1,1,1,1,1,1,0,1,1,0,0,0,0,0,0,1,0,1,0,1,1,1,0,0,0,0,0,0,0,0,0,0,0,0
ort,git,1,1,1,1,1,1,1,1,1,1,1,1,1,1,1,1,1,1,1,0,1,1,0,0,0,0,0,0,1,0,1,0,1,1,1,0,0,0,0,0,0,0,0,0,0,0,0
ort,motion,1,1,1,1,1,1,1,1,1,1,1,1,1,1,1,1,1,1,1,0,1,1,0,0,0,0,0,0,1,0,1,0,1,1,1,0,0,0,0,0,0,0,0,0,0,0,0
ort,MangoHud,1,1,1,1,1,1,1,1,1,1,1,1,1,1,2,2,2,2,2,0,1,1,0,0,0,0,0,0,2,0,2,0,2,2,2,0,0,0,0,0,0,0,0,0,0,0,0
ort,blink,1,1,1,1,1,1,1,1,1,1,1,1,1,1,1,1,1,1,1,0,1,1,0,0,0,0,0,0,1,0,1,0,1,1,1,0,0,0,0,0,0,0,0,0,0,0,0
ort,libmill,1,1,1,1,1,1,1,1,1,1,1,1,1,1,1,1,1,1,1,0,1,1,0,0,0,0,0,0,1,0,1,0,1,1,1,0,0,0,0,0,0,0,0,0,0,0,0
ort,lxc,1,1,1,1,1,1,1,1,1,1,1,1,1,1,1,1,1,1,1,0,1,1,0,0,0,0,0,0,1,0,1,0,1,1,1,0,0,0,0,0,0,0,0,0,0,0,0
ort,esp32-snippets,1,1,1,1,1,1,1,1,1,1,1,1,1,1,1,1,1,1,1,0,1,1,0,0,0,0,0,0,1,0,1,0,1,1,1,0,0,0,0,0,0,0,0,0,0,0,0
ort,pgbouncer,1,1,1,1,1,1,1,1,1,1,1,1,1,1,36,36,36,36,36,34,35,35,11,11,0,0,0,0,36,0,36,34,36,32,2,34,0,0,0,34,34,121,121,121,121,121,121
ort,krackattacks-scripts,1,1,1,1,1,1,1,1,1,1,1,1,1,1,9,9,9,9,9,4,8,8,2,2,0,0,0,0,9,0,9,6,9,9,3,6,0,0,0,6,6,550,550,550,550,550,550
ort,30dayMakeOS,1,1,1,1,1,1,1,1,1,1,1,1,1,1,1,1,1,1,1,0,1,1,0,0,0,0,0,0,1,0,1,0,1,1,1,0,0,0,0,0,0,0,0,0,0,0,0
ort,C,1,1,1,1,1,1,1,1,1,1,1,1,1,1,1,1,1,1,1,0,1,1,0,0,0,0,0,0,1,0,1,0,1,1,1,0,0,0,0,0,0,0,0,0,0,0,0
ort,tizonia-openmax-il,1,1,1,1,1,1,1,1,1,1,1,1,1,1,80,80,80,80,80,70,80,80,24,24,0,0,0,0,80,0,80,48,80,80,10,70,0,0,0,70,70,1576,1576,1576,1576,1576,1576
ort,monyhar-lite,1,1,1,1,1,1,1,1,1,1,1,1,1,1,1,1,1,1,1,0,1,1,0,0,0,0,0,0,1,0,1,0,1,0,1,0,0,0,0,0,0,0,0,0,0,0,0
ort,linux-kernel-exploits,1,1,1,1,1,1,1,1,1,1,1,1,1,1,1,1,1,1,1,0,1,1,0,0,0,0,0,0,1,0,1,0,1,1,1,0,0,0,0,0,0,0,0,0,0,0,0
ort,EasyHook,1,1,1,1,1,1,1,1,1,1,1,1,1,1,27,27,27,27,27,2,3,3,0,0,0,0,0,0,27,0,27,1,27,25,25,2,0,0,0,2,2,0,0,0,0,0,0
ort,sway,1,1,1,1,1,1,1,1,1,1,1,1,1,1,1,1,1,1,1,0,1,1,0,0,0,0,0,0,1,0,1,0,1,1,1,0,0,0,0,0,0,0,0,0,0,0,0
ort,sc,1,1,1,1,1,1,1,1,1,1,1,1,1,1,1,1,1,1,1,0,1,1,0,0,0,0,0,0,1,0,1,0,1,1,1,0,0,0,0,0,0,0,0,0,0,0,0
ort,yasea,1,1,1,1,1,1,1,1,1,1,1,1,1,1,3,3,3,3,3,0,0,0,0,0,0,0,0,0,3,0,3,0,3,2,3,0,0,0,0,0,0,0,0,0,0,0,0
ort,redis-3,1,1,1,1,1,1,1,1,1,1,1,1,1,1,1,1,1,1,1,0,1,1,0,0,0,0,0,0,1,0,1,0,1,1,1,0,0,0,0,0,0,0,0,0,0,0,0
ort,cleanflight,1,1,1,1,1,1,1,1,1,1,1,1,1,1,1,1,1,1,1,0,1,1,0,0,0,0,0,0,1,0,1,0,1,1,1,0,0,0,0,0,0,0,0,0,0,0,0
ort,zapret,1,1,1,1,1,1,1,1,1,1,1,1,1,1,1,1,1,1,1,0,1,1,0,0,0,0,0,0,1,0,1,0,1,1,1,0,0,0,0,0,0,0,0,0,0,0,0
ort,goxel,1,1,1,1,1,1,1,1,1,1,1,1,1,1,1,1,1,1,1,0,1,1,0,0,0,0,0,0,1,0,1,0,1,1,1,0,0,0,0,0,0,0,0,0,0,0,0
ort,vifm,1,1,1,1,1,1,1,1,1,1,1,1,1,1,1,1,1,1,1,0,1,1,0,0,0,0,0,0,1,0,1,0,1,1,1,0,0,0,0,0,0,0,0,0,0,0,0
ort,SQLAdvisor,1,1,1,1,1,1,1,1,1,1,1,1,1,1,1,1,1,1,1,0,1,1,0,0,0,0,0,0,1,0,1,0,1,1,1,0,0,0,0,0,0,0,0,0,0,0,0
ort,badvpn,1,1,1,1,1,1,1,1,1,1,1,1,1,1,1,1,1,1,1,0,1,1,0,0,0,0,0,0,1,0,1,0,1,1,1,0,0,0,0,0,0,0,0,0,0,0,0
ort,The-Art-Of-Programming-By-July-2nd,1,1,1,1,1,1,1,1,1,1,1,1,1,1,1,1,1,1,1,0,1,1,0,0,0,0,0,0,1,0,1,0,1,1,1,0,0,0,0,0,0,0,0,0,0,0,0
ort,Shipwright,1,1,1,1,1,1,1,1,1,1,1,1,1,1,1,1,1,1,1,0,1,1,0,0,0,0,0,0,1,0,1,0,1,1,1,0,0,0,0,0,0,0,0,0,0,0,0
ort,ck,1,1,1,1,1,1,1,1,1,1,1,1,1,1,1,1,1,1,1,0,1,1,0,0,0,0,0,0,1,0,1,0,1,1,1,0,0,0,0,0,0,0,0,0,0,0,0
ort,openwrt,1,1,1,1,1,1,1,1,1,1,1,1,1,1,1,1,1,1,1,0,1,1,0,0,0,0,0,0,1,0,1,0,1,1,1,0,0,0,0,0,0,0,0,0,0,0,0
ort,write-a-C-interpreter,1,1,1,1,1,1,1,1,1,1,1,1,1,1,1,1,1,1,1,0,1,1,0,0,0,0,0,0,1,0,1,0,1,1,1,0,0,0,0,0,0,0,0,0,0,0,0
ort,microui,1,1,1,1,1,1,1,1,1,1,1,1,1,1,1,1,1,1,1,0,1,1,0,0,0,0,0,0,1,0,1,0,1,1,1,0,0,0,0,0,0,0,0,0,0,0,0
ort,pygame,1,1,1,1,1,1,1,1,1,1,1,1,1,1,2,2,2,2,2,0,0,0,0,0,0,0,0,0,2,0,2,0,2,1,2,0,0,0,0,0,0,0,0,0,0,0,0
ort,open-vm-tools,1,1,1,1,1,1,1,1,1,1,1,1,1,1,1,1,1,1,1,0,1,1,0,0,0,0,0,0,1,0,1,0,1,1,1,0,0,0,0,0,0,0,0,0,0,0,0
ort,mc,1,1,1,1,1,1,1,1,1,1,1,1,1,1,1,1,1,1,1,0,1,1,0,0,0,0,0,0,1,0,1,0,1,1,1,0,0,0,0,0,0,0,0,0,0,0,0
ort,xxHash,1,1,1,1,1,1,1,1,1,1,1,1,1,1,1,1,1,1,1,0,1,1,0,0,0,0,0,0,1,0,1,0,1,1,1,0,0,0,0,0,0,0,0,0,0,0,0
ort,yaf,1,1,1,1,1,1,1,1,1,1,1,1,1,1,1,1,1,1,1,0,1,1,0,0,0,0,0,0,1,0,1,0,1,1,1,0,0,0,0,0,0,0,0,0,0,0,0
ort,Atlas,1,1,1,1,1,1,1,1,1,1,1,1,1,1,1,1,1,1,1,0,1,1,0,0,0,0,0,0,1,0,1,0,1,1,1,0,0,0,0,0,0,0,0,0,0,0,0
ort,the_silver_searcher,1,1,1,1,1,1,1,1,1,1,1,1,1,1,1,1,1,1,1,0,1,1,0,0,0,0,0,0,1,0,1,0,1,1,1,0,0,0,0,0,0,0,0,0,0,0,0
ort,winfile,1,1,1,1,1,1,1,1,1,1,1,1,1,1,6,6,6,6,6,0,1,1,0,0,0,0,0,0,6,0,6,0,6,6,6,0,0,0,0,0,0,0,0,0,0,0,0
ort,gimp,1,1,1,1,1,1,1,1,1,1,1,1,1,1,1,1,1,1,1,0,1,1,0,0,0,0,0,0,1,0,1,0,1,1,1,0,0,0,0,0,0,0,0,0,0,0,0
ort,i3,1,1,1,1,1,1,1,1,1,1,1,1,1,1,1,1,1,1,1,0,1,1,0,0,0,0,0,0,1,0,1,0,1,1,1,0,0,0,0,0,0,0,0,0,0,0,0
ort,opencv-mobile,1,1,1,1,1,1,1,1,1,1,1,1,1,1,1,1,1,1,1,0,1,1,0,0,0,0,0,0,1,0,1,0,1,1,1,0,0,0,0,0,0,0,0,0,0,0,0
ort,sqlite,1,1,1,1,1,1,1,1,1,1,1,1,1,1,1,1,1,1,1,0,1,1,0,0,0,0,0,0,1,0,1,0,1,1,1,0,0,0,0,0,0,0,0,0,0,0,0
ort,mongoose,1,1,1,1,1,1,1,1,1,1,1,1,1,1,1,1,1,1,1,0,1,1,0,0,0,0,0,0,1,0,1,0,1,1,1,0,0,0,0,0,0,0,0,0,0,0,0
ort,json-c,1,1,1,1,1,1,1,1,1,1,1,1,1,1,1,1,1,1,1,0,1,1,0,0,0,0,0,0,1,0,1,0,1,1,1,0,0,0,0,0,0,0,0,0,0,0,0
ort,awk,1,1,1,1,1,1,1,1,1,1,1,1,1,1,1,1,1,1,1,0,1,1,0,0,0,0,0,0,1,0,1,0,1,1,1,0,0,0,0,0,0,0,0,0,0,0,0
ort,AppImageKit,1,1,1,1,1,1,1,1,1,1,1,1,1,1,1,1,1,1,1,0,1,1,0,0,0,0,0,0,1,0,1,0,1,1,1,0,0,0,0,0,0,0,0,0,0,0,0
ort,ostep-code,1,1,1,1,1,1,1,1,1,1,1,1,1,1,1,1,1,1,1,0,1,1,0,0,0,0,0,0,1,0,1,0,1,0,1,0,0,0,0,0,0,0,0,0,0,0,0
ort,ffmpeg-libav-tutorial,1,1,1,1,1,1,1,1,1,1,1,1,1,1,1,1,1,1,1,0,1,1,0,0,0,0,0,0,1,0,1,0,1,1,1,0,0,0,0,0,0,0,0,0,0,0,0
ort,php-ext-xlswriter,1,1,1,1,1,1,1,1,1,1,1,1,1,1,1,1,1,1,1,0,1,1,0,0,0,0,0,0,1,0,1,0,1,1,1,0,0,0,0,0,0,0,0,0,0,0,0
ort,ZBar,1,1,1,1,1,1,1,1,1,1,1,1,1,1,2,2,2,2,2,0,2,2,0,0,0,0,0,0,2,0,2,1,2,2,2,0,0,0,0,0,0,0,0,0,0,0,0
ort,log,1,1,1,1,1,1,1,1,1,1,1,1,1,1,1,1,1,1,1,0,1,1,0,0,0,0,0,0,1,0,1,0,1,1,1,0,0,0,0,0,0,0,0,0,0,0,0
ort,picom,1,1,1,1,1,1,1,1,1,1,1,1,1,1,1,1,1,1,1,0,1,1,0,0,0,0,0,0,1,0,1,0,1,1,1,0,0,0,0,0,0,0,0,0,0,0,0
ort,libbpf,1,1,1,1,1,1,1,1,1,1,1,1,1,1,71,71,71,71,71,69,71,71,24,24,0,0,0,0,71,0,71,37,71,71,2,69,0,0,0,69,69,1610,1610,1610,1610,1610,1610
ort,media-server,1,1,1,1,1,1,1,1,1,1,1,1,1,1,12,12,12,12,12,0,1,1,0,0,0,0,0,0,12,0,12,0,12,12,12,0,0,0,0,0,0,0,0,0,0,0,0
ort,bldc,1,1,1,1,1,1,1,1,1,1,1,1,1,1,1,1,1,1,1,0,1,1,0,0,0,0,0,0,1,0,1,0,1,1,1,0,0,0,0,0,0,0,0,0,0,0,0
ort,HP-Socket,1,1,1,1,1,1,1,1,1,1,1,1,1,1,111,111,111,111,111,0,1,1,0,0,0,0,0,0,111,0,111,0,111,1,111,0,0,0,0,0,0,0,0,0,0,0,0
ort,redsocks,1,1,1,1,1,1,1,1,1,1,1,1,1,1,1,1,1,1,1,0,1,1,0,0,0,0,0,0,1,0,1,0,1,1,1,0,0,0,0,0,0,0,0,0,0,0,0
ort,ShiYanLou,1,1,1,1,1,1,1,1,1,1,1,1,1,1,1,1,1,1,1,0,1,1,0,0,0,0,0,0,1,0,1,0,1,1,1,0,0,0,0,0,0,0,0,0,0,0,0
ort,asterisk,1,1,1,1,1,1,1,1,1,1,1,1,1,1,1,1,1,1,1,0,1,1,0,0,0,0,0,0,1,0,1,0,1,1,1,0,0,0,0,0,0,0,0,0,0,0,0
ort,sod,1,1,1,1,1,1,1,1,1,1,1,1,1,1,1,1,1,1,1,0,1,1,0,0,0,0,0,0,1,0,1,0,1,1,1,0,0,0,0,0,0,0,0,0,0,0,0
ort,ret-sync,1,1,1,1,1,1,1,1,1,1,1,1,1,1,6,6,6,6,6,0,1,1,0,0,0,0,0,0,6,0,6,0,6,6,6,0,0,0,0,0,0,0,0,0,0,0,0
ort,libpcap,1,1,1,1,1,1,1,1,1,1,1,1,1,1,1,1,1,1,1,0,1,1,0,0,0,0,0,0,1,0,1,0,1,1,1,0,0,0,0,0,0,0,0,0,0,0,0
ort,PainterEngine,1,1,1,1,1,1,1,1,1,1,1,1,1,1,1,1,1,1,1,0,1,1,0,0,0,0,0,0,1,0,1,0,1,1,1,0,0,0,0,0,0,0,0,0,0,0,0
ort,nginx,1,1,1,1,1,1,1,1,1,1,1,1,1,1,1,1,1,1,1,0,1,1,0,0,0,0,0,0,1,0,1,0,1,1,1,0,0,0,0,0,0,0,0,0,0,0,0
ort,pg_repack,1,1,1,1,1,1,1,1,1,1,1,1,1,1,3,3,3,3,3,0,1,1,0,0,0,0,0,0,3,0,3,0,3,3,3,0,0,0,0,0,0,0,0,0,0,0,0
ort,nginx-upsync-module,1,1,1,1,1,1,1,1,1,1,1,1,1,1,1,1,1,1,1,0,1,1,0,0,0,0,0,0,1,0,1,0,1,1,1,0,0,0,0,0,0,0,0,0,0,0,0
ort,NetHack,1,1,1,1,1,1,1,1,1,1,1,1,1,1,12,12,12,12,12,0,1,1,0,0,0,0,0,0,12,0,12,0,12,12,12,0,0,0,0,0,0,0,0,0,0,0,0
ort,WindowsInternals,1,1,1,1,1,1,1,1,1,1,1,1,1,1,13,13,13,13,13,0,1,1,0,0,0,0,0,0,13,0,13,0,13,13,13,0,0,0,0,0,0,0,0,0,0,0,0
ort,rune,1,1,1,1,1,1,1,1,1,1,1,1,1,1,1,1,1,1,1,0,1,1,0,0,0,0,0,0,1,0,1,0,1,1,1,0,0,0,0,0,0,0,0,0,0,0,0
ort,silk-v3-decoder,1,1,1,1,1,1,1,1,1,1,1,1,1,1,1,1,1,1,1,0,1,1,0,0,0,0,0,0,1,0,1,0,1,1,1,0,0,0,0,0,0,0,0,0,0,0,0
ort,enet,1,1,1,1,1,1,1,1,1,1,1,1,1,1,1,1,1,1,1,0,1,1,0,0,0,0,0,0,1,0,1,0,1,1,1,0,0,0,0,0,0,0,0,0,0,0,0
ort,ucore,1,1,1,1,1,1,1,1,1,1,1,1,1,1,1,1,1,1,1,0,1,1,0,0,0,0,0,0,1,0,1,0,1,1,1,0,0,0,0,0,0,0,0,0,0,0,0
ort,hidapi,1,1,1,1,1,1,1,1,1,1,1,1,1,1,1,1,1,1,1,0,1,1,0,0,0,0,0,0,1,0,1,0,1,1,1,0,0,0,0,0,0,0,0,0,0,0,0
ort,hashcat,1,1,1,1,1,1,1,1,1,1,1,1,1,1,28,28,28,28,28,0,1,1,0,0,0,0,0,0,28,0,28,0,28,28,28,0,0,0,0,0,0,0,0,0,0,0,0
ort,RMStore,1,1,1,1,1,1,1,1,1,1,1,1,1,1,1,1,1,1,1,0,1,1,0,0,0,0,0,0,1,0,1,0,1,1,1,0,0,0,0,0,0,0,0,0,0,0,0
ort,pokeemerald,1,1,1,1,1,1,1,1,1,1,1,1,1,1,1,1,1,1,1,0,1,1,0,0,0,0,0,0,1,0,1,0,1,1,1,0,0,0,0,0,0,0,0,0,0,0,0
ort,ngx_http_proxy_connect_module,1,1,1,1,1,1,1,1,1,1,1,1,1,1,1,1,1,1,1,0,1,1,0,0,0,0,0,0,1,0,1,0,1,1,1,0,0,0,0,0,0,0,0,0,0,0,0
ort,UEFITool,1,1,1,1,1,1,1,1,1,1,1,1,1,1,1,1,1,1,1,0,1,1,0,0,0,0,0,0,1,0,1,0,1,1,1,0,0,0,0,0,0,0,0,0,0,0,0
ort,passivedns,1,1,1,1,1,1,1,1,1,1,1,1,1,1,1,1,1,1,1,0,1,1,0,0,0,0,0,0,1,0,1,0,1,1,1,0,0,0,0,0,0,0,0,0,0,0,0
ort,chafa,1,1,1,1,1,1,1,1,1,1,1,1,1,1,1,1,1,1,1,0,1,1,0,0,0,0,0,0,1,0,1,0,1,1,1,0,0,0,0,0,0,0,0,0,0,0,0
ort,zsh,1,1,1,1,1,1,1,1,1,1,1,1,1,1,1,1,1,1,1,0,1,1,0,0,0,0,0,0,1,0,1,0,1,1,1,0,0,0,0,0,0,0,0,0,0,0,0
ort,nq,1,1,1,1,1,1,1,1,1,1,1,1,1,1,1,1,1,1,1,0,1,1,0,0,0,0,0,0,1,0,1,0,1,0,1,0,0,0,0,0,0,0,0,0,0,0,0
ort,vkQuake,1,1,1,1,1,1,1,1,1,1,1,1,1,1,4,4,4,4,4,0,1,1,0,0,0,0,0,0,4,0,4,0,4,4,4,0,0,0,0,0,0,0,0,0,0,0,0
ort,EasyLogger,1,1,1,1,1,1,1,1,1,1,1,1,1,1,1,1,1,1,1,0,1,1,0,0,0,0,0,0,1,0,1,0,1,1,1,0,0,0,0,0,0,0,0,0,0,0,0
ort,http-parser,1,1,1,1,1,1,1,1,1,1,1,1,1,1,1,1,1,1,1,0,1,1,0,0,0,0,0,0,1,0,1,0,1,1,1,0,0,0,0,0,0,0,0,0,0,0,0
ort,iPlug2,1,1,1,1,1,1,1,1,1,1,1,1,1,1,87,87,87,87,87,3,5,5,1,1,0,0,0,0,87,0,87,0,87,85,84,3,0,0,0,3,3,35,35,35,35,35,35
ort,AndroidUSBCamera,1,1,1,1,1,1,1,1,1,1,1,1,1,1,29,29,29,29,29,0,0,0,0,0,0,0,0,0,29,0,29,0,29,29,29,0,0,0,0,0,0,0,0,0,0,0,0
ort,cava,1,1,1,1,1,1,1,1,1,1,1,1,1,1,13,13,13,13,13,11,12,12,0,0,0,0,0,0,13,0,13,0,13,2,2,11,0,0,0,11,11,0,0,0,0,0,0
ort,tcpcopy,1,1,1,1,1,1,1,1,1,1,1,1,1,1,1,1,1,1,1,0,1,1,0,0,0,0,0,0,1,0,1,0,1,1,1,0,0,0,0,0,0,0,0,0,0,0,0
ort,lcc,1,1,1,1,1,1,1,1,1,1,1,1,1,1,1,1,1,1,1,0,1,1,0,0,0,0,0,0,1,0,1,0,1,1,1,0,0,0,0,0,0,0,0,0,0,0,0
ort,c-jwt-cracker,1,1,1,1,1,1,1,1,1,1,1,1,1,1,1,1,1,1,1,0,1,1,0,0,0,0,0,0,1,0,1,0,1,1,1,0,0,0,0,0,0,0,0,0,0,0,0
ort,GoodbyeDPI,1,1,1,1,1,1,1,1,1,1,1,1,1,1,1,1,1,1,1,0,1,1,0,0,0,0,0,0,1,0,1,0,1,1,1,0,0,0,0,0,0,0,0,0,0,0,0
ort,wcc,1,1,1,1,1,1,1,1,1,1,1,1,1,1,1,1,1,1,1,0,1,1,0,0,0,0,0,0,1,0,1,0,1,1,1,0,0,0,0,0,0,0,0,0,0,0,0
ort,Broadway,1,1,1,1,1,1,1,1,1,1,1,1,1,1,1,1,1,1,1,0,1,1,0,0,0,0,0,0,1,0,1,0,1,1,1,0,0,0,0,0,0,0,0,0,0,0,0
ort,obs-ndi,1,1,1,1,1,1,1,1,1,1,1,1,1,1,1,1,1,1,1,0,1,1,0,0,0,0,0,0,1,0,1,0,1,1,1,0,0,0,0,0,0,0,0,0,0,0,0
ort,frr,1,1,1,1,1,1,1,1,1,1,1,1,1,1,69,69,69,69,69,66,68,68,23,23,0,0,0,0,69,0,69,34,69,69,3,66,0,0,0,66,66,1602,1602,1602,1602,1602,1602
ort,threadx,1,1,1,1,1,1,1,1,1,1,1,1,1,1,3,3,3,3,3,0,1,1,0,0,0,0,0,0,3,0,3,0,3,2,3,0,0,0,0,0,0,0,0,0,0,0,0
ort,kore,1,1,1,1,1,1,1,1,1,1,1,1,1,1,1,1,1,1,1,0,1,1,0,0,0,0,0,0,1,0,1,0,1,1,1,0,0,0,0,0,0,0,0,0,0,0,0
ort,unqlite,1,1,1,1,1,1,1,1,1,1,1,1,1,1,1,1,1,1,1,0,1,1,0,0,0,0,0,0,1,0,1,0,1,1,1,0,0,0,0,0,0,0,0,0,0,0,0
ort,libffi,1,1,1,1,1,1,1,1,1,1,1,1,1,1,2,2,2,2,2,0,1,1,0,0,0,0,0,0,2,0,2,0,2,2,2,0,0,0,0,0,0,0,0,0,0,0,0
ort,olive,1,1,1,1,1,1,1,1,1,1,1,1,1,1,1,1,1,1,1,0,1,1,0,0,0,0,0,0,1,0,1,0,1,1,1,0,0,0,0,0,0,0,0,0,0,0,0
ort,wlroots,1,1,1,1,1,1,1,1,1,1,1,1,1,1,1,1,1,1,1,0,1,1,0,0,0,0,0,0,1,0,1,0,1,1,1,0,0,0,0,0,0,0,0,0,0,0,0
ort,varnish-cache,1,1,1,1,1,1,1,1,1,1,1,1,1,1,1,1,1,1,1,0,1,1,0,0,0,0,0,0,1,0,1,0,1,1,1,0,0,0,0,0,0,0,0,0,0,0,0
ort,sslsplit,1,1,1,1,1,1,1,1,1,1,1,1,1,1,1,1,1,1,1,0,1,1,0,0,0,0,0,0,1,0,1,0,1,1,1,0,0,0,0,0,0,0,0,0,0,0,0
ort,blinker-esp-idf,1,1,1,1,1,1,1,1,1,1,1,1,1,1,1,1,1,1,1,0,1,1,0,0,0,0,0,0,1,0,1,0,1,1,1,0,0,0,0,0,0,0,0,0,0,0,0
ort,GmSSL,1,1,1,1,1,1,1,1,1,1,1,1,1,1,1,1,1,1,1,0,1,1,0,0,0,0,0,0,1,0,1,0,1,1,1,0,0,0,0,0,0,0,0,0,0,0,0
ort,GTAO_Booster_PoC,1,1,1,1,1,1,1,1,1,1,1,1,1,1,1,1,1,1,1,0,0,0,0,0,0,0,0,0,1,0,1,0,1,1,1,0,0,0,0,0,0,0,0,0,0,0,0
ort,xHook,1,1,1,1,1,1,1,1,1,1,1,1,1,1,5,5,5,5,5,0,1,1,0,0,0,0,0,0,5,0,5,0,5,5,5,0,0,0,0,0,0,0,0,0,0,0,0
ort,mir,1,1,1,1,1,1,1,1,1,1,1,1,1,1,1,1,1,1,1,0,1,1,0,0,0,0,0,0,1,0,1,0,1,1,1,0,0,0,0,0,0,0,0,0,0,0,0
ort,liburing,1,1,1,1,1,1,1,1,1,1,1,1,1,1,1,1,1,1,1,0,1,1,0,0,0,0,0,0,1,0,1,0,1,1,1,0,0,0,0,0,0,0,0,0,0,0,0
ort,xemu,1,1,1,1,1,1,1,1,1,1,1,1,1,1,12,12,12,12,12,8,11,11,3,3,0,0,0,0,12,0,12,8,12,12,4,8,0,0,0,8,8,249,249,249,249,249,249
ort,litex,1,1,1,1,1,1,1,1,1,1,1,1,1,1,26,26,26,26,26,24,26,26,9,9,0,0,0,0,26,0,26,21,26,26,1,25,0,0,0,25,25,169,169,169,169,169,169
ort,libfaketime,1,1,1,1,1,1,1,1,1,1,1,1,1,1,1,1,1,1,1,0,1,1,0,0,0,0,0,0,1,0,1,0,1,1,1,0,0,0,0,0,0,0,0,0,0,0,0
ort,qoi,1,1,1,1,1,1,1,1,1,1,1,1,1,1,1,1,1,1,1,0,1,1,0,0,0,0,0,0,1,0,1,0,1,1,1,0,0,0,0,0,0,0,0,0,0,0,0
ort,httrack,1,1,1,1,1,1,1,1,1,1,1,1,1,1,1,1,1,1,1,0,1,1,0,0,0,0,0,0,1,0,1,0,1,1,1,0,0,0,0,0,0,0,0,0,0,0,0
ort,swift-corelibs-libdispatch,1,1,1,1,1,1,1,1,1,1,1,1,1,1,1,1,1,1,1,0,1,1,0,0,0,0,0,0,1,0,1,0,1,1,1,0,0,0,0,0,0,0,0,0,0,0,0
ort,SketchyBar,1,1,1,1,1,1,1,1,1,1,1,1,1,1,1,1,1,1,1,0,1,1,0,0,0,0,0,0,1,0,1,0,1,1,1,0,0,0,0,0,0,0,0,0,0,0,0
ort,nuttx,1,1,1,1,1,1,1,1,1,1,1,1,1,1,39,39,39,39,39,34,37,37,13,13,0,0,0,0,39,0,39,35,39,33,4,35,0,0,0,35,35,264,264,264,264,264,264
ort,facil,1,1,1,1,1,1,1,1,1,1,1,1,1,1,35,35,35,35,35,22,34,34,11,11,0,0,0,0,35,0,35,33,35,35,2,33,0,0,0,33,33,449,449,449,449,449,449
ort,pico-examples,1,1,1,1,1,1,1,1,1,1,1,1,1,1,1,1,1,1,1,0,1,1,0,0,0,0,0,0,1,0,1,0,1,1,1,0,0,0,0,0,0,0,0,0,0,0,0
ort,tinc,1,1,1,1,1,1,1,1,1,1,1,1,1,1,1,1,1,1,1,0,1,1,0,0,0,0,0,0,1,0,1,0,1,1,1,0,0,0,0,0,0,0,0,0,0,0,0
ort,proxychains,1,1,1,1,1,1,1,1,1,1,1,1,1,1,1,1,1,1,1,0,1,1,0,0,0,0,0,0,1,0,1,0,1,1,1,0,0,0,0,0,0,0,0,0,0,0,0
ort,neomutt,1,1,1,1,1,1,1,1,1,1,1,1,1,1,1,1,1,1,1,0,1,1,0,0,0,0,0,0,1,0,1,0,1,1,1,0,0,0,0,0,0,0,0,0,0,0,0
ort,TitanHide,1,1,1,1,1,1,1,1,1,1,1,1,1,1,7,7,7,7,7,0,1,1,0,0,0,0,0,0,7,0,7,0,7,7,7,0,0,0,0,0,0,0,0,0,0,0,0
ort,systemd,1,1,1,1,1,1,1,1,1,1,1,1,1,1,2,2,2,2,2,0,1,1,0,0,0,0,0,0,2,0,2,0,2,2,2,0,0,0,0,0,0,0,0,0,0,0,0
ort,shairport,1,1,1,1,1,1,1,1,1,1,1,1,1,1,1,1,1,1,1,0,1,1,0,0,0,0,0,0,1,0,1,0,1,1,1,0,0,0,0,0,0,0,0,0,0,0,0
ort,openmv,1,1,1,1,1,1,1,1,1,1,1,1,1,1,2,2,2,2,2,0,1,1,0,0,0,0,0,0,2,0,2,0,2,2,2,0,0,0,0,0,0,0,0,0,0,0,0
ort,OpenBLAS,1,1,1,1,1,1,1,1,1,1,1,1,1,1,1,1,1,1,1,0,1,1,0,0,0,0,0,0,1,0,1,0,1,1,1,0,0,0,0,0,0,0,0,0,0,0,0
ort,dunst,1,1,1,1,1,1,1,1,1,1,1,1,1,1,1,1,1,1,1,0,1,1,0,0,0,0,0,0,1,0,1,0,1,1,1,0,0,0,0,0,0,0,0,0,0,0,0
ort,c4,1,1,1,1,1,1,1,1,1,1,1,1,1,1,1,1,1,1,1,0,1,1,0,0,0,0,0,0,1,0,1,0,1,1,1,0,0,0,0,0,0,0,0,0,0,0,0
ort,warpd,1,1,1,1,1,1,1,1,1,1,1,1,1,1,1,1,1,1,1,0,1,1,0,0,0,0,0,0,1,0,1,0,1,1,1,0,0,0,0,0,0,0,0,0,0,0,0
ort,leetcode,1,1,1,1,1,1,1,1,1,1,1,1,1,1,1,1,1,1,1,0,1,1,0,0,0,0,0,0,1,0,1,0,1,1,1,0,0,0,0,0,0,0,0,0,0,0,0
ort,GloVe,1,1,1,1,1,1,1,1,1,1,1,1,1,1,1,1,1,1,1,0,1,1,0,0,0,0,0,0,1,0,1,0,1,1,1,0,0,0,0,0,0,0,0,0,0,0,0
ort,redcarpet,1,1,1,1,1,1,1,1,1,1,1,1,1,1,23,23,23,23,23,14,23,23,7,7,0,0,0,0,23,0,23,22,23,22,1,22,0,0,0,22,22,178,178,178,178,178,178
ort,mimikatz,1,1,1,1,1,1,1,1,1,1,1,1,1,1,6,6,6,6,6,0,1,1,0,0,0,0,0,0,6,0,6,0,6,3,6,0,0,0,0,0,0,0,0,0,0,0,0
ort,pianobar,1,1,1,1,1,1,1,1,1,1,1,1,1,1,1,1,1,1,1,0,1,1,0,0,0,0,0,0,1,0,1,0,1,1,1,0,0,0,0,0,0,0,0,0,0,0,0
ort,SwiftLaTeX,1,1,1,1,1,1,1,1,1,1,1,1,1,1,1,1,1,1,1,0,1,1,0,0,0,0,0,0,1,0,1,0,1,1,1,0,0,0,0,0,0,0,0,0,0,0,0
ort,FreeRTOS-Kernel,1,1,1,1,1,1,1,1,1,1,1,1,1,1,1,1,1,1,1,0,1,1,0,0,0,0,0,0,1,0,1,0,1,1,1,0,0,0,0,0,0,0,0,0,0,0,0
ort,yajl,1,1,1,1,1,1,1,1,1,1,1,1,1,1,1,1,1,1,1,0,1,1,0,0,0,0,0,0,1,0,1,0,1,1,1,0,0,0,0,0,0,0,0,0,0,0,0
ort,allegro5,1,1,1,1,1,1,1,1,1,1,1,1,1,1,4,4,4,4,4,0,1,1,0,0,0,0,0,0,4,0,4,0,4,4,4,0,0,0,0,0,0,0,0,0,0,0,0
ort,deepin-wine-ubuntu,1,1,1,1,1,1,1,1,1,1,1,1,1,1,1,1,1,1,1,0,1,1,0,0,0,0,0,0,1,0,1,0,1,1,1,0,0,0,0,0,0,0,0,0,0,0,0
ort,u2f-zero,1,1,1,1,1,1,1,1,1,1,1,1,1,1,14,14,14,14,14,12,14,14,4,4,0,0,0,0,14,0,14,12,14,14,2,12,0,0,0,12,12,129,129,129,129,129,129
ort,hashcat-legacy,1,1,1,1,1,1,1,1,1,1,1,1,1,1,1,1,1,1,1,0,1,1,0,0,0,0,0,0,1,0,1,0,1,1,1,0,0,0,0,0,0,0,0,0,0,0,0
ort,ngx_http_google_filter_module,1,1,1,1,1,1,1,1,1,1,1,1,1,1,1,1,1,1,1,0,1,1,0,0,0,0,0,0,1,0,1,0,1,1,1,0,0,0,0,0,0,0,0,0,0,0,0
ort,linenoise,1,1,1,1,1,1,1,1,1,1,1,1,1,1,1,1,1,1,1,0,1,1,0,0,0,0,0,0,1,0,1,0,1,1,1,0,0,0,0,0,0,0,0,0,0,0,0
ort,glusterfs,1,1,1,1,1,1,1,1,1,1,1,1,1,1,29,29,29,29,29,27,29,29,10,10,0,0,0,0,29,0,29,25,29,29,2,27,0,0,0,27,27,271,271,271,271,271,271
ort,julius,1,1,1,1,1,1,1,1,1,1,1,1,1,1,36,36,36,36,36,0,1,1,0,0,0,0,0,0,36,0,36,0,36,36,36,0,0,0,0,0,0,0,0,0,0,0,0
ort,sophia,1,1,1,1,1,1,1,1,1,1,1,1,1,1,1,1,1,1,1,0,1,1,0,0,0,0,0,0,1,0,1,0,1,1,1,0,0,0,0,0,0,0,0,0,0,0,0
ort,ostep-projects,1,1,1,1,1,1,1,1,1,1,1,1,1,1,1,1,1,1,1,0,1,1,0,0,0,0,0,0,1,0,1,0,1,0,1,0,0,0,0,0,0,0,0,0,0,0,0
ort,unbound,1,1,1,1,1,1,1,1,1,1,1,1,1,1,2,2,2,2,2,0,1,1,0,0,0,0,0,0,2,0,2,0,2,2,2,0,0,0,0,0,0,0,0,0,0,0,0
ort,tess-two,1,1,1,1,1,1,1,1,1,1,1,1,1,1,11,11,11,11,11,0,0,0,0,0,0,0,0,0,11,0,11,0,11,11,11,0,0,0,0,0,0,0,0,0,0,0,0
ort,SDL,1,1,1,1,1,1,1,1,1,1,1,1,1,1,36,36,36,36,36,0,1,1,0,0,0,0,0,0,36,0,36,0,36,36,36,0,0,0,0,0,0,0,0,0,0,0,0
ort,Divert,1,1,1,1,1,1,1,1,1,1,1,1,1,1,12,12,12,12,12,0,1,1,0,0,0,0,0,0,12,0,12,0,12,12,12,0,0,0,0,0,0,0,0,0,0,0,0
ort,yojimbo,1,1,1,1,1,1,1,1,1,1,1,1,1,1,1,1,1,1,1,0,1,1,0,0,0,0,0,0,1,0,1,0,1,1,1,0,0,0,0,0,0,0,0,0,0,0,0
ort,no-more-secrets,1,1,1,1,1,1,1,1,1,1,1,1,1,1,1,1,1,1,1,0,1,1,0,0,0,0,0,0,1,0,1,0,1,1,1,0,0,0,0,0,0,0,0,0,0,0,0
ort,injection,1,1,1,1,1,1,1,1,1,1,1,1,1,1,1,1,1,1,1,0,1,1,0,0,0,0,0,0,1,0,1,0,1,1,1,0,0,0,0,0,0,0,0,0,0,0,0
ort,ompi,1,1,1,1,1,1,1,1,1,1,1,1,1,1,74,74,74,74,74,72,74,74,25,25,0,0,0,0,74,0,74,40,74,74,2,72,0,0,0,72,72,1608,1608,1608,1608,1608,1608
ort,NNPACK,1,1,1,1,1,1,1,1,1,1,1,1,1,1,1,1,1,1,1,0,1,1,0,0,0,0,0,0,1,0,1,0,1,1,1,0,0,0,0,0,0,0,0,0,0,0,0
ort,LVS,1,1,1,1,1,1,1,1,1,1,1,1,1,1,1,1,1,1,1,0,1,1,0,0,0,0,0,0,1,0,1,0,1,1,1,0,0,0,0,0,0,0,0,0,0,0,0
ort,camerakit-android,1,1,1,1,1,1,1,1,1,1,1,1,1,1,3,3,3,3,3,0,0,0,0,0,0,0,0,0,3,0,3,0,3,3,3,0,0,0,0,0,0,0,0,0,0,0,0
ort,ESP8266Audio,1,1,1,1,1,1,1,1,1,1,1,1,1,1,1,1,1,1,1,0,1,1,0,0,0,0,0,0,1,0,1,0,1,1,1,0,0,0,0,0,0,0,0,0,0,0,0
ort,noise-suppression-for-voice,1,1,1,1,1,1,1,1,1,1,1,1,1,1,25,25,25,25,25,0,1,1,0,0,0,0,0,0,25,0,25,0,25,8,25,0,0,0,0,0,0,0,0,0,0,0,0
ort,herebedragons,1,1,1,1,1,1,1,1,1,1,1,1,1,1,3,3,3,3,3,0,1,1,0,0,0,0,0,0,3,0,3,0,3,3,3,0,0,0,0,0,0,0,0,0,0,0,0
ort,libmodbus,1,1,1,1,1,1,1,1,1,1,1,1,1,1,1,1,1,1,1,0,1,1,0,0,0,0,0,0,1,0,1,0,1,1,1,0,0,0,0,0,0,0,0,0,0,0,0
ort,sqlean,1,1,1,1,1,1,1,1,1,1,1,1,1,1,1,1,1,1,1,0,1,1,0,0,0,0,0,0,1,0,1,0,1,1,1,0,0,0,0,0,0,0,0,0,0,0,0
ort,rpitx,1,1,1,1,1,1,1,1,1,1,1,1,1,1,2,2,2,2,2,0,1,1,0,0,0,0,0,0,2,0,2,0,2,2,2,0,0,0,0,0,0,0,0,0,0,0,0
ort,nlopt,1,1,1,1,1,1,1,1,1,1,1,1,1,1,7,7,7,7,7,5,7,7,2,2,0,0,0,0,7,0,7,3,7,7,2,5,0,0,0,5,5,78,78,78,78,78,78
ort,openresty,1,1,1,1,1,1,1,1,1,1,1,1,1,1,1,1,1,1,1,0,1,1,0,0,0,0,0,0,1,0,1,0,1,1,1,0,0,0,0,0,0,0,0,0,0,0,0
ort,Corange,1,1,1,1,1,1,1,1,1,1,1,1,1,1,1,1,1,1,1,0,1,1,0,0,0,0,0,0,1,0,1,0,1,1,1,0,0,0,0,0,0,0,0,0,0,0,0
ort,hcxdumptool,1,1,1,1,1,1,1,1,1,1,1,1,1,1,1,1,1,1,1,0,1,1,0,0,0,0,0,0,1,0,1,0,1,1,1,0,0,0,0,0,0,0,0,0,0,0,0
ort,php-rdkafka,1,1,1,1,1,1,1,1,1,1,1,1,1,1,1,1,1,1,1,0,1,1,0,0,0,0,0,0,1,0,1,0,1,1,1,0,0,0,0,0,0,0,0,0,0,0,0
ort,HackSysExtremeVulnerableDriver,1,1,1,1,1,1,1,1,1,1,1,1,1,1,3,3,3,3,3,0,1,1,0,0,0,0,0,0,3,0,3,0,3,3,3,0,0,0,0,0,0,0,0,0,0,0,0
ort,acl,1,1,1,1,1,1,1,1,1,1,1,1,1,1,417,417,417,417,417,0,1,1,0,0,0,0,0,0,417,0,417,0,417,417,417,0,0,0,0,0,0,0,0,0,0,0,0
ort,Undecimus,1,1,1,1,1,1,1,1,1,1,1,1,1,1,1,1,1,1,1,0,1,1,0,0,0,0,0,0,1,0,1,0,1,1,1,0,0,0,0,0,0,0,0,0,0,0,0
ort,shc,1,1,1,1,1,1,1,1,1,1,1,1,1,1,1,1,1,1,1,0,1,1,0,0,0,0,0,0,1,0,1,0,1,1,1,0,0,0,0,0,0,0,0,0,0,0,0
ort,mongoose-os,1,1,1,1,1,1,1,1,1,1,1,1,1,1,1,1,1,1,1,0,1,1,0,0,0,0,0,0,1,0,1,0,1,1,1,0,0,0,0,0,0,0,0,0,0,0,0
ort,sslh,1,1,1,1,1,1,1,1,1,1,1,1,1,1,1,1,1,1,1,0,1,1,0,0,0,0,0,0,1,0,1,0,1,1,1,0,0,0,0,0,0,0,0,0,0,0,0
ort,bare-metal-programming-guide,1,1,1,1,1,1,1,1,1,1,1,1,1,1,1,1,1,1,1,0,1,1,0,0,0,0,0,0,1,0,1,0,1,1,1,0,0,0,0,0,0,0,0,0,0,0,0
ort,p2pvc,1,1,1,1,1,1,1,1,1,1,1,1,1,1,1,1,1,1,1,0,1,1,0,0,0,0,0,0,1,0,1,0,1,1,1,0,0,0,0,0,0,0,0,0,0,0,0
ort,OBS,1,1,1,1,1,1,1,1,1,1,1,1,1,1,17,17,17,17,17,0,0,0,0,0,0,0,0,0,17,0,17,0,17,17,17,0,0,0,0,0,0,0,0,0,0,0,0
ort,open62541,1,1,1,1,1,1,1,1,1,1,1,1,1,1,1,1,1,1,1,0,1,1,0,0,0,0,0,0,1,0,1,0,1,1,1,0,0,0,0,0,0,0,0,0,0,0,0
ort,UVCCamera,1,1,1,1,1,1,1,1,1,1,1,1,1,1,36,36,36,36,36,0,0,0,0,0,0,0,0,0,36,0,36,0,36,36,36,0,0,0,0,0,0,0,0,0,0,0,0
ort,Quake,1,1,1,1,1,1,1,1,1,1,1,1,1,1,1,1,1,1,1,0,1,1,0,0,0,0,0,0,1,0,1,0,1,1,1,0,0,0,0,0,0,0,0,0,0,0,0
ort,xCrash,1,1,1,1,1,1,1,1,1,1,1,1,1,1,3,3,3,3,3,0,0,0,0,0,0,0,0,0,3,0,3,0,3,3,3,0,0,0,0,0,0,0,0,0,0,0,0
ort,raylib,1,1,1,1,1,1,1,1,1,1,1,1,1,1,140,140,140,140,140,0,1,1,0,0,0,0,0,0,140,0,140,0,140,140,140,0,0,0,0,0,0,0,0,0,0,0,0
ort,slurm,1,1,1,1,1,1,1,1,1,1,1,1,1,1,1,1,1,1,1,0,1,1,0,0,0,0,0,0,1,0,1,0,1,1,1,0,0,0,0,0,0,0,0,0,0,0,0
ort,libuv,1,1,1,1,1,1,1,1,1,1,1,1,1,1,1,1,1,1,1,0,1,1,0,0,0,0,0,0,1,0,1,0,1,0,1,0,0,0,0,0,0,0,0,0,0,0,0
ort,Remotery,1,1,1,1,1,1,1,1,1,1,1,1,1,1,1,1,1,1,1,0,1,1,0,0,0,0,0,0,1,0,1,0,1,1,1,0,0,0,0,0,0,0,0,0,0,0,0
ort,proxychains-ng,1,1,1,1,1,1,1,1,1,1,1,1,1,1,1,1,1,1,1,0,1,1,0,0,0,0,0,0,1,0,1,0,1,1,1,0,0,0,0,0,0,0,0,0,0,0,0
ort,uhubctl,1,1,1,1,1,1,1,1,1,1,1,1,1,1,1,1,1,1,1,0,1,1,0,0,0,0,0,0,1,0,1,0,1,1,1,0,0,0,0,0,0,0,0,0,0,0,0
ort,geany,1,1,1,1,1,1,1,1,1,1,1,1,1,1,1,1,1,1,1,0,1,1,0,0,0,0,0,0,1,0,1,0,1,1,1,0,0,0,0,0,0,0,0,0,0,0,0
ort,contiki,1,1,1,1,1,1,1,1,1,1,1,1,1,1,1,1,1,1,1,0,1,1,0,0,0,0,0,0,1,0,1,0,1,0,1,0,0,0,0,0,0,0,0,0,0,0,0
ort,HIT-OSLab,1,1,1,1,1,1,1,1,1,1,1,1,1,1,1,1,1,1,1,0,1,1,0,0,0,0,0,0,1,0,1,0,1,1,1,0,0,0,0,0,0,0,0,0,0,0,0
ort,linked-list-good-taste,1,1,1,1,1,1,1,1,1,1,1,1,1,1,1,1,1,1,1,0,1,1,0,0,0,0,0,0,1,0,1,0,1,1,1,0,0,0,0,0,0,0,0,0,0,0,0
ort,winevdm,1,1,1,1,1,1,1,1,1,1,1,1,1,1,60,60,60,60,60,0,1,1,0,0,0,0,0,0,60,0,60,0,60,60,60,0,0,0,0,0,0,0,0,0,0,0,0
ort,linux,1,1,1,1,1,1,1,1,1,1,1,1,1,1,3,3,3,3,3,0,1,1,0,0,0,0,0,0,3,0,3,0,3,3,3,0,0,0,0,0,0,0,0,0,0,0,0
ort,SimpleKernel,1,1,1,1,1,1,1,1,1,1,1,1,1,1,1,1,1,1,1,0,1,1,0,0,0,0,0,0,1,0,1,0,1,1,1,0,0,0,0,0,0,0,0,0,0,0,0
ort,netdata,1,1,1,1,1,1,1,1,1,1,1,1,1,1,2,2,2,2,2,0,1,1,0,0,0,0,0,0,2,0,2,0,2,2,2,0,0,0,0,0,0,0,0,0,0,0,0
ort,LoRaMac-node,1,1,1,1,1,1,1,1,1,1,1,1,1,1,1,1,1,1,1,0,1,1,0,0,0,0,0,0,1,0,1,0,1,1,1,0,0,0,0,0,0,0,0,0,0,0,0
ort,tools,1,1,1,1,1,1,1,1,1,1,1,1,1,1,1,1,1,1,1,0,1,1,0,0,0,0,0,0,1,0,1,0,1,1,1,0,0,0,0,0,0,0,0,0,0,0,0
ort,wiredtiger,1,1,1,1,1,1,1,1,1,1,1,1,1,1,20,20,20,20,20,13,16,16,5,5,0,0,0,0,20,0,20,17,20,18,7,13,0,0,0,13,13,145,145,145,145,145,145
ort,riscv-isa-sim,1,1,1,1,1,1,1,1,1,1,1,1,1,1,1,1,1,1,1,0,1,1,0,0,0,0,0,0,1,0,1,0,1,1,1,0,0,0,0,0,0,0,0,0,0,0,0
ort,HoloCubic,1,1,1,1,1,1,1,1,1,1,1,1,1,1,2,2,2,2,2,0,1,1,0,0,0,0,0,0,2,0,2,0,2,2,2,0,0,0,0,0,0,0,0,0,0,0,0
ort,netmap,1,1,1,1,1,1,1,1,1,1,1,1,1,1,7,7,7,7,7,0,2,2,0,0,0,0,0,0,7,0,7,0,7,7,7,0,0,0,0,0,0,0,0,0,0,0,0
ort,ubertooth,1,1,1,1,1,1,1,1,1,1,1,1,1,1,6,6,6,6,6,3,5,5,1,1,0,0,0,0,6,0,6,5,6,6,3,3,0,0,0,3,3,14,14,14,14,14,14
ort,flecs,1,1,1,1,1,1,1,1,1,1,1,1,1,1,1,1,1,1,1,0,0,0,0,0,0,0,0,0,1,0,1,0,1,1,1,0,0,0,0,0,0,0,0,0,0,0,0
ort,hstr,1,1,1,1,1,1,1,1,1,1,1,1,1,1,1,1,1,1,1,0,1,1,0,0,0,0,0,0,1,0,1,0,1,1,1,0,0,0,0,0,0,0,0,0,0,0,0
ort,pspg,1,1,1,1,1,1,1,1,1,1,1,1,1,1,1,1,1,1,1,0,1,1,0,0,0,0,0,0,1,0,1,0,1,1,1,0,0,0,0,0,0,0,0,0,0,0,0
ort,criu,1,1,1,1,1,1,1,1,1,1,1,1,1,1,16,16,16,16,16,12,14,14,4,4,0,0,0,0,16,0,16,12,16,13,4,12,0,0,0,12,12,149,149,149,149,149,149
ort,pipewire,1,1,1,1,1,1,1,1,1,1,1,1,1,1,1,1,1,1,1,0,1,1,0,0,0,0,0,0,1,0,1,0,1,1,1,0,0,0,0,0,0,0,0,0,0,0,0
ort,jailhouse,1,1,1,1,1,1,1,1,1,1,1,1,1,1,1,1,1,1,1,0,0,0,0,0,0,0,0,0,1,0,1,1,1,0,1,0,0,0,0,0,0,0,0,0,0,0,0
ort,VoxelSpace,1,1,1,1,1,1,1,1,1,1,1,1,1,1,1,1,1,1,1,0,1,1,0,0,0,0,0,0,1,0,1,0,1,1,1,0,0,0,0,0,0,0,0,0,0,0,0
ort,Data-Structure,1,1,1,1,1,1,1,1,1,1,1,1,1,1,208,208,208,208,208,0,1,1,0,0,0,0,0,0,208,0,208,0,208,0,208,0,0,0,0,0,0,0,0,0,0,0,0
ort,tcpdump,1,1,1,1,1,1,1,1,1,1,1,1,1,1,1,1,1,1,1,0,1,1,0,0,0,0,0,0,1,0,1,0,1,1,1,0,0,0,0,0,0,0,0,0,0,0,0
ort,litetree,1,1,1,1,1,1,1,1,1,1,1,1,1,1,1,1,1,1,1,0,1,1,0,0,0,0,0,0,1,0,1,0,1,1,1,0,0,0,0,0,0,0,0,0,0,0,0
ort,libopencm3,1,1,1,1,1,1,1,1,1,1,1,1,1,1,1,1,1,1,1,0,1,1,0,0,0,0,0,0,1,0,1,0,1,1,1,0,0,0,0,0,0,0,0,0,0,0,0
ort,Dummy-Robot,1,1,1,1,1,1,1,1,1,1,1,1,1,1,1,1,1,1,1,0,1,1,0,0,0,0,0,0,1,0,1,0,1,0,1,0,0,0,0,0,0,0,0,0,0,0,0
ort,audacity,1,1,1,1,1,1,1,1,1,1,1,1,1,1,6,6,6,6,6,0,1,1,0,0,0,0,0,0,6,0,6,0,6,6,6,0,0,0,0,0,0,0,0,0,0,0,0
ort,wrk2,1,1,1,1,1,1,1,1,1,1,1,1,1,1,1,1,1,1,1,0,1,1,0,0,0,0,0,0,1,0,1,0,1,1,1,0,0,0,0,0,0,0,0,0,0,0,0
ort,ettercap,1,1,1,1,1,1,1,1,1,1,1,1,1,1,1,1,1,1,1,0,1,1,0,0,0,0,0,0,1,0,1,0,1,1,1,0,0,0,0,0,0,0,0,0,0,0,0
ort,linux-wifi-hotspot,1,1,1,1,1,1,1,1,1,1,1,1,1,1,1,1,1,1,1,0,1,1,0,0,0,0,0,0,1,0,1,0,1,1,1,0,0,0,0,0,0,0,0,0,0,0,0
ort,fastdfs,1,1,1,1,1,1,1,1,1,1,1,1,1,1,1,1,1,1,1,0,1,1,0,0,0,0,0,0,1,0,1,0,1,1,1,0,0,0,0,0,0,0,0,0,0,0,0
ort,neural-redis,1,1,1,1,1,1,1,1,1,1,1,1,1,1,1,1,1,1,1,0,1,1,0,0,0,0,0,0,1,0,1,0,1,1,1,0,0,0,0,0,0,0,0,0,0,0,0
ort,Cello,1,1,1,1,1,1,1,1,1,1,1,1,1,1,1,1,1,1,1,0,1,1,0,0,0,0,0,0,1,0,1,0,1,1,1,0,0,0,0,0,0,0,0,0,0,0,0
ort,mpv,1,1,1,1,1,1,1,1,1,1,1,1,1,1,1,1,1,1,1,0,1,1,0,0,0,0,0,0,1,0,1,0,1,1,1,0,0,0,0,0,0,0,0,0,0,0,0
ort,ejoy2d,1,1,1,1,1,1,1,1,1,1,1,1,1,1,4,4,4,4,4,0,1,1,0,0,0,0,0,0,4,0,4,0,4,4,4,0,0,0,0,0,0,0,0,0,0,0,0
ort,skhd,1,1,1,1,1,1,1,1,1,1,1,1,1,1,1,1,1,1,1,0,1,1,0,0,0,0,0,0,1,0,1,0,1,1,1,0,0,0,0,0,0,0,0,0,0,0,0
ort,mac-dictionary-kit,1,1,1,1,1,1,1,1,1,1,1,1,1,1,1,1,1,1,1,0,1,1,0,0,0,0,0,0,1,0,1,0,1,1,1,0,0,0,0,0,0,0,0,0,0,0,0
ort,CVE-2021-4034,1,1,1,1,1,1,1,1,1,1,1,1,1,1,1,1,1,1,1,0,1,1,0,0,0,0,0,0,1,0,1,0,1,1,1,0,0,0,0,0,0,0,0,0,0,0,0
ort,vlmcsd,1,1,1,1,1,1,1,1,1,1,1,1,1,1,1,1,1,1,1,0,1,1,0,0,0,0,0,0,1,0,1,0,1,1,1,0,0,0,0,0,0,0,0,0,0,0,0
ort,bsdiff,1,1,1,1,1,1,1,1,1,1,1,1,1,1,1,1,1,1,1,0,1,1,0,0,0,0,0,0,1,0,1,0,1,1,1,0,0,0,0,0,0,0,0,0,0,0,0
ort,MBE,1,1,1,1,1,1,1,1,1,1,1,1,1,1,1,1,1,1,1,0,1,1,0,0,0,0,0,0,1,0,1,0,1,1,1,0,0,0,0,0,0,0,0,0,0,0,0
ort,u8g2,1,1,1,1,1,1,1,1,1,1,1,1,1,1,1,1,1,1,1,0,1,1,0,0,0,0,0,0,1,0,1,0,1,1,1,0,0,0,0,0,0,0,0,0,0,0,0
ort,jdupes,1,1,1,1,1,1,1,1,1,1,1,1,1,1,1,1,1,1,1,0,1,1,0,0,0,0,0,0,1,0,1,0,1,0,1,0,0,0,0,0,0,0,0,0,0,0,0
ort,goaccess,1,1,1,1,1,1,1,1,1,1,1,1,1,1,1,1,1,1,1,0,1,1,0,0,0,0,0,0,1,0,1,0,1,1,1,0,0,0,0,0,0,0,0,0,0,0,0
ort,TheFatRat,1,1,1,1,1,1,1,1,1,1,1,1,1,1,1,1,1,1,1,0,1,1,0,0,0,0,0,0,1,0,1,0,1,1,1,0,0,0,0,0,0,0,0,0,0,0,0
ort,icmptunnel,1,1,1,1,1,1,1,1,1,1,1,1,1,1,1,1,1,1,1,0,1,1,0,0,0,0,0,0,1,0,1,0,1,0,1,0,0,0,0,0,0,0,0,0,0,0,0
ort,PF_RING,1,1,1,1,1,1,1,1,1,1,1,1,1,1,2,2,2,2,2,0,1,1,0,0,0,0,0,0,2,0,2,0,2,1,2,0,0,0,0,0,0,0,0,0,0,0,0
ort,3proxy,1,1,1,1,1,1,1,1,1,1,1,1,1,1,1,1,1,1,1,0,1,1,0,0,0,0,0,0,1,0,1,0,1,1,1,0,0,0,0,0,0,0,0,0,0,0,0
ort,zlib,1,1,1,1,1,1,1,1,1,1,1,1,1,1,33,33,33,33,33,0,1,1,0,0,0,0,0,0,33,0,33,0,33,33,33,0,0,0,0,0,0,0,0,0,0,0,0
ort,firmware,1,1,1,1,1,1,1,1,1,1,1,1,1,1,1,1,1,1,1,0,1,1,0,0,0,0,0,0,1,0,1,0,1,1,1,0,0,0,0,0,0,0,0,0,0,0,0
ort,waifu2x-ncnn-vulkan,1,1,1,1,1,1,1,1,1,1,1,1,1,1,1,1,1,1,1,0,1,1,0,0,0,0,0,0,1,0,1,0,1,1,1,0,0,0,0,0,0,0,0,0,0,0,0
ort,level-ip,1,1,1,1,1,1,1,1,1,1,1,1,1,1,1,1,1,1,1,0,1,1,0,0,0,0,0,0,1,0,1,0,1,1,1,0,0,0,0,0,0,0,0,0,0,0,0
ort,minix,1,1,1,1,1,1,1,1,1,1,1,1,1,1,5,5,5,5,5,0,3,3,0,0,0,0,0,0,5,0,5,2,5,5,5,0,0,0,0,0,0,0,0,0,0,0,0
ort,sysbench,1,1,1,1,1,1,1,1,1,1,1,1,1,1,2,2,2,2,2,0,1,1,0,0,0,0,0,0,2,0,2,0,2,2,2,0,0,0,0,0,0,0,0,0,0,0,0
ort,deconz-rest-plugin,1,1,1,1,1,1,1,1,1,1,1,1,1,1,1,1,1,1,1,0,1,1,0,0,0,0,0,0,1,0,1,0,1,1,1,0,0,0,0,0,0,0,0,0,0,0,0
ort,pycryptodome,1,1,1,1,1,1,1,1,1,1,1,1,1,1,5,5,5,5,5,1,4,4,1,1,0,0,0,0,5,0,5,1,5,5,3,2,0,0,0,2,2,4,4,4,4,4,4
ort,Ventoy,1,1,1,1,1,1,1,1,1,1,1,1,1,1,5,5,5,5,5,0,1,1,0,0,0,0,0,0,5,0,5,0,5,5,5,0,0,0,0,0,0,0,0,0,0,0,0
ort,darwin-xnu,1,1,1,1,1,1,1,1,1,1,1,1,1,1,1,1,1,1,1,0,1,1,0,0,0,0,0,0,1,0,1,0,1,1,1,0,0,0,0,0,0,0,0,0,0,0,0
ort,8cc,1,1,1,1,1,1,1,1,1,1,1,1,1,1,1,1,1,1,1,0,1,1,0,0,0,0,0,0,1,0,1,0,1,1,1,0,0,0,0,0,0,0,0,0,0,0,0
ort,lmdb,1,1,1,1,1,1,1,1,1,1,1,1,1,1,1,1,1,1,1,0,1,1,0,0,0,0,0,0,1,0,1,0,1,1,1,0,0,0,0,0,0,0,0,0,0,0,0
ort,firejail,1,1,1,1,1,1,1,1,1,1,1,1,1,1,1,1,1,1,1,0,1,1,0,0,0,0,0,0,1,0,1,0,1,1,1,0,0,0,0,0,0,0,0,0,0,0,0
ort,strongswan,1,1,1,1,1,1,1,1,1,1,1,1,1,1,3,3,3,3,3,0,1,1,0,0,0,0,0,0,3,0,3,0,3,3,3,0,0,0,0,0,0,0,0,0,0,0,0
ort,citus,1,1,1,1,1,1,1,1,1,1,1,1,1,1,7,7,7,7,7,0,1,1,0,0,0,0,0,0,7,0,7,0,7,7,7,0,0,0,0,0,0,0,0,0,0,0,0
ort,pigz,1,1,1,1,1,1,1,1,1,1,1,1,1,1,1,1,1,1,1,0,1,1,0,0,0,0,0,0,1,0,1,0,1,1,1,0,0,0,0,0,0,0,0,0,0,0,0
ort,sshfs-win,1,1,1,1,1,1,1,1,1,1,1,1,1,1,1,1,1,1,1,0,1,1,0,0,0,0,0,0,1,0,1,0,1,1,1,0,0,0,0,0,0,0,0,0,0,0,0
ort,starrtc-server,1,1,1,1,1,1,1,1,1,1,1,1,1,1,1,1,1,1,1,0,1,1,0,0,0,0,0,0,1,0,1,0,1,1,1,0,0,0,0,0,0,0,0,0,0,0,0
ort,phptrace,1,1,1,1,1,1,1,1,1,1,1,1,1,1,1,1,1,1,1,0,1,1,0,0,0,0,0,0,1,0,1,0,1,1,1,0,0,0,0,0,0,0,0,0,0,0,0
ort,proxydroid,1,1,1,1,1,1,1,1,1,1,1,1,1,1,2,2,2,2,2,0,0,0,0,0,0,0,0,0,2,0,2,0,2,2,2,0,0,0,0,0,0,0,0,0,0,0,0
ort,haxm,1,1,1,1,1,1,1,1,1,1,1,1,1,1,5,5,5,5,5,0,1,1,0,0,0,0,0,0,5,0,5,0,5,5,5,0,0,0,0,0,0,0,0,0,0,0,0
ort,mjs,1,1,1,1,1,1,1,1,1,1,1,1,1,1,1,1,1,1,1,0,1,1,0,0,0,0,0,0,1,0,1,0,1,1,1,0,0,0,0,0,0,0,0,0,0,0,0
ort,toxcore,1,1,1,1,1,1,1,1,1,1,1,1,1,1,1,1,1,1,1,0,1,1,0,0,0,0,0,0,1,0,1,0,1,1,1,0,0,0,0,0,0,0,0,0,0,0,0
ort,tinn,1,1,1,1,1,1,1,1,1,1,1,1,1,1,1,1,1,1,1,0,1,1,0,0,0,0,0,0,1,0,1,0,1,1,1,0,0,0,0,0,0,0,0,0,0,0,0
ort,Watchy,1,1,1,1,1,1,1,1,1,1,1,1,1,1,1,1,1,1,1,0,1,1,0,0,0,0,0,0,1,0,1,0,1,1,1,0,0,0,0,0,0,0,0,0,0,0,0
ort,bubblewrap,1,1,1,1,1,1,1,1,1,1,1,1,1,1,1,1,1,1,1,0,1,1,0,0,0,0,0,0,1,0,1,0,1,1,1,0,0,0,0,0,0,0,0,0,0,0,0
ort,xrdp,1,1,1,1,1,1,1,1,1,1,1,1,1,1,1,1,1,1,1,0,1,1,0,0,0,0,0,0,1,0,1,0,1,1,1,0,0,0,0,0,0,0,0,0,0,0,0
ort,util-linux,1,1,1,1,1,1,1,1,1,1,1,1,1,1,1,1,1,1,1,0,1,1,0,0,0,0,0,0,1,0,1,0,1,1,1,0,0,0,0,0,0,0,0,0,0,0,0
ort,uftrace,1,1,1,1,1,1,1,1,1,1,1,1,1,1,1,1,1,1,1,0,1,1,0,0,0,0,0,0,1,0,1,0,1,1,1,0,0,0,0,0,0,0,0,0,0,0,0
ort,Keylogger,1,1,1,1,1,1,1,1,1,1,1,1,1,1,11,11,11,11,11,8,11,11,3,3,0,0,0,0,11,0,11,6,11,8,2,9,0,0,0,9,9,83,83,83,83,83,83
ort,vlc,1,1,1,1,1,1,1,1,1,1,1,1,1,1,1,1,1,1,1,0,1,1,0,0,0,0,0,0,1,0,1,0,1,1,1,0,0,0,0,0,0,0,0,0,0,0,0
ort,PureDarwin,1,1,1,1,1,1,1,1,1,1,1,1,1,1,1,1,1,1,1,0,1,1,0,0,0,0,0,0,1,0,1,0,1,1,1,0,0,0,0,0,0,0,0,0,0,0,0
ort,io,1,1,1,1,1,1,1,1,1,1,1,1,1,1,7,7,7,7,7,0,1,1,0,0,0,0,0,0,7,0,7,0,7,7,7,0,0,0,0,0,0,0,0,0,0,0,0
ort,MachOView,1,1,1,1,1,1,1,1,1,1,1,1,1,1,29,29,29,29,29,0,1,1,0,0,0,0,0,0,29,0,29,0,29,29,29,0,0,0,0,0,0,0,0,0,0,0,0
ort,orbital,1,1,1,1,1,1,1,1,1,1,1,1,1,1,1,1,1,1,1,0,1,1,0,0,0,0,0,0,1,0,1,0,1,1,1,0,0,0,0,0,0,0,0,0,0,0,0
ort,nodemcu-firmware,1,1,1,1,1,1,1,1,1,1,1,1,1,1,47,47,47,47,47,43,45,45,15,15,0,0,0,0,47,0,47,35,47,41,4,43,0,0,0,43,43,207,207,207,207,207,207
ort,sokol,1,1,1,1,1,1,1,1,1,1,1,1,1,1,1,1,1,1,1,0,1,1,0,0,0,0,0,0,1,0,1,0,1,1,1,0,0,0,0,0,0,0,0,0,0,0,0
ort,tiny-AES-c,1,1,1,1,1,1,1,1,1,1,1,1,1,1,2,2,2,2,2,0,0,0,0,0,0,0,0,0,2,0,2,0,2,2,2,0,0,0,0,0,0,0,0,0,0,0,0
ort,bfgminer,1,1,1,1,1,1,1,1,1,1,1,1,1,1,1,1,1,1,1,0,1,1,0,0,0,0,0,0,1,0,1,0,1,1,1,0,0,0,0,0,0,0,0,0,0,0,0
ort,glfw,1,1,1,1,1,1,1,1,1,1,1,1,1,1,1,1,1,1,1,0,1,1,0,0,0,0,0,0,1,0,1,0,1,1,1,0,0,0,0,0,0,0,0,0,0,0,0
ort,libwebsockets,1,1,1,1,1,1,1,1,1,1,1,1,1,1,4,4,4,4,4,0,1,1,0,0,0,0,0,0,4,0,4,0,4,4,4,0,0,0,0,0,0,0,0,0,0,0,0
ort,rt-thread,1,1,1,1,1,1,1,1,1,1,1,1,1,1,2,2,2,2,2,0,1,1,0,0,0,0,0,0,2,0,2,0,2,2,2,0,0,0,0,0,0,0,0,0,0,0,0
ort,kcat,1,1,1,1,1,1,1,1,1,1,1,1,1,1,4,4,4,4,4,2,3,3,1,1,0,0,0,0,4,0,4,0,4,4,2,2,0,0,0,2,2,364,364,364,364,364,364
ort,surge,1,1,1,1,1,1,1,1,1,1,1,1,1,1,2,2,2,2,2,0,1,1,0,0,0,0,0,0,2,0,2,0,2,2,2,0,0,0,0,0,0,0,0,0,0,0,0
ort,loadlibrary,1,1,1,1,1,1,1,1,1,1,1,1,1,1,1,1,1,1,1,0,1,1,0,0,0,0,0,0,1,0,1,0,1,1,1,0,0,0,0,0,0,0,0,0,0,0,0
ort,rufus,1,1,1,1,1,1,1,1,1,1,1,1,1,1,13,13,13,13,13,0,1,1,0,0,0,0,0,0,13,0,13,0,13,13,13,0,0,0,0,0,0,0,0,0,0,0,0
ort,sc-im,1,1,1,1,1,1,1,1,1,1,1,1,1,1,1,1,1,1,1,0,1,1,0,0,0,0,0,0,1,0,1,0,1,1,1,0,0,0,0,0,0,0,0,0,0,0,0
ort,gravity,1,1,1,1,1,1,1,1,1,1,1,1,1,1,4,4,4,4,4,0,1,1,0,0,0,0,0,0,4,0,4,0,4,4,4,0,0,0,0,0,0,0,0,0,0,0,0
ort,i3blocks,1,1,1,1,1,1,1,1,1,1,1,1,1,1,1,1,1,1,1,0,1,1,0,0,0,0,0,0,1,0,1,0,1,1,1,0,0,0,0,0,0,0,0,0,0,0,0
ort,displayplacer,1,1,1,1,1,1,1,1,1,1,1,1,1,1,1,1,1,1,1,0,1,1,0,0,0,0,0,0,1,0,1,0,1,1,1,0,0,0,0,0,0,0,0,0,0,0,0
ort,rpi4-osdev,1,1,1,1,1,1,1,1,1,1,1,1,1,1,1,1,1,1,1,0,1,1,0,0,0,0,0,0,1,0,1,0,1,1,1,0,0,0,0,0,0,0,0,0,0,0,0
ort,sxhkd,1,1,1,1,1,1,1,1,1,1,1,1,1,1,1,1,1,1,1,0,1,1,0,0,0,0,0,0,1,0,1,0,1,1,1,0,0,0,0,0,0,0,0,0,0,0,0
ort,littlefs,1,1,1,1,1,1,1,1,1,1,1,1,1,1,1,1,1,1,1,0,1,1,0,0,0,0,0,0,1,0,1,0,1,1,1,0,0,0,0,0,0,0,0,0,0,0,0
ort,pingfs,1,1,1,1,1,1,1,1,1,1,1,1,1,1,1,1,1,1,1,0,1,1,0,0,0,0,0,0,1,0,1,0,1,1,1,0,0,0,0,0,0,0,0,0,0,0,0
ort,mtr,1,1,1,1,1,1,1,1,1,1,1,1,1,1,1,1,1,1,1,0,1,1,0,0,0,0,0,0,1,0,1,0,1,1,1,0,0,0,0,0,0,0,0,0,0,0,0
ort,opengles3-book,1,1,1,1,1,1,1,1,1,1,1,1,1,1,1,1,1,1,1,0,1,1,0,0,0,0,0,0,1,0,1,0,1,1,1,0,0,0,0,0,0,0,0,0,0,0,0
ort,box86,1,1,1,1,1,1,1,1,1,1,1,1,1,1,1,1,1,1,1,0,1,1,0,0,0,0,0,0,1,0,1,0,1,1,1,0,0,0,0,0,0,0,0,0,0,0,0
ort,postgres,1,1,1,1,1,1,1,1,1,1,1,1,1,1,1,1,1,1,1,0,1,1,0,0,0,0,0,0,1,0,1,0,1,1,1,0,0,0,0,0,0,0,0,0,0,0,0
ort,trurl,1,1,1,1,1,1,1,1,1,1,1,1,1,1,2,2,2,2,2,0,1,1,0,0,0,0,0,0,2,0,2,0,2,2,2,0,0,0,0,0,0,0,0,0,0,0,0
ort,C-Thread-Pool,1,1,1,1,1,1,1,1,1,1,1,1,1,1,1,1,1,1,1,0,1,1,0,0,0,0,0,0,1,0,1,0,1,1,1,0,0,0,0,0,0,0,0,0,0,0,0
ort,darknet,1,1,1,1,1,1,1,1,1,1,1,1,1,1,1,1,1,1,1,0,1,1,0,0,0,0,0,0,1,0,1,0,1,1,1,0,0,0,0,0,0,0,0,0,0,0,0
ort,OpenMower,1,1,1,1,1,1,1,1,1,1,1,1,1,1,1,1,1,1,1,0,1,1,0,0,0,0,0,0,1,0,1,0,1,1,1,0,0,0,0,0,0,0,0,0,0,0,0
ort,vgpu_unlock,1,1,1,1,1,1,1,1,1,1,1,1,1,1,1,1,1,1,1,0,1,1,0,0,0,0,0,0,1,0,1,0,1,1,1,0,0,0,0,0,0,0,0,0,0,0,0
ort,istoreos,1,1,1,1,1,1,1,1,1,1,1,1,1,1,1,1,1,1,1,0,1,1,0,0,0,0,0,0,1,0,1,0,1,1,1,0,0,0,0,0,0,0,0,0,0,0,0
ort,alpr-unconstrained,1,1,1,1,1,1,1,1,1,1,1,1,1,1,1,1,1,1,1,0,1,1,0,0,0,0,0,0,1,0,1,0,1,1,1,0,0,0,0,0,0,0,0,0,0,0,0
ort,tvheadend,1,1,1,1,1,1,1,1,1,1,1,1,1,1,1,1,1,1,1,0,1,1,0,0,0,0,0,0,1,0,1,0,1,1,1,0,0,0,0,0,0,0,0,0,0,0,0
ort,Windows-driver-samples,1,1,1,1,1,1,1,1,1,1,1,1,1,1,302,302,302,302,302,2,3,3,0,0,0,0,0,0,302,0,302,0,302,300,300,2,0,0,0,2,2,0,0,0,0,0,0
ort,redis,1,1,1,1,1,1,1,1,1,1,1,1,1,1,23,23,23,23,23,16,19,19,6,6,0,0,0,0,23,0,23,16,23,23,7,16,0,0,0,16,16,84,84,84,84,84,84
ort,jo,1,1,1,1,1,1,1,1,1,1,1,1,1,1,1,1,1,1,1,0,1,1,0,0,0,0,0,0,1,0,1,0,1,1,1,0,0,0,0,0,0,0,0,0,0,0,0
ort,INTANG,1,1,1,1,1,1,1,1,1,1,1,1,1,1,1,1,1,1,1,0,1,1,0,0,0,0,0,0,1,0,1,0,1,1,1,0,0,0,0,0,0,0,0,0,0,0,0
ort,progress,1,1,1,1,1,1,1,1,1,1,1,1,1,1,1,1,1,1,1,0,1,1,0,0,0,0,0,0,1,0,1,0,1,1,1,0,0,0,0,0,0,0,0,0,0,0,0
ort,pcileech,1,1,1,1,1,1,1,1,1,1,1,1,1,1,5,5,5,5,5,0,1,1,0,0,0,0,0,0,5,0,5,0,5,5,5,0,0,0,0,0,0,0,0,0,0,0,0
ort,cosmopolitan,1,1,1,1,1,1,1,1,1,1,1,1,1,1,4,4,4,4,4,0,1,1,0,0,0,0,0,0,4,0,4,0,4,4,4,0,0,0,0,0,0,0,0,0,0,0,0
ort,MTProxy,1,1,1,1,1,1,1,1,1,1,1,1,1,1,1,1,1,1,1,0,1,1,0,0,0,0,0,0,1,0,1,0,1,1,1,0,0,0,0,0,0,0,0,0,0,0,0
ort,betaflight,1,1,1,1,1,1,1,1,1,1,1,1,1,1,1,1,1,1,1,0,1,1,0,0,0,0,0,0,1,0,1,0,1,1,1,0,0,0,0,0,0,0,0,0,0,0,0
ort,Tiny,1,1,1,1,1,1,1,1,1,1,1,1,1,1,5,5,5,5,5,0,0,0,0,0,0,0,0,0,5,0,5,0,5,4,5,0,0,0,0,0,0,0,0,0,0,0,0
ort,smartdns,1,1,1,1,1,1,1,1,1,1,1,1,1,1,1,1,1,1,1,0,1,1,0,0,0,0,0,0,1,0,1,0,1,1,1,0,0,0,0,0,0,0,0,0,0,0,0
ort,wolfssl,1,1,1,1,1,1,1,1,1,1,1,1,1,1,30,30,30,30,30,0,0,0,0,0,0,0,0,0,30,0,30,0,30,30,30,0,0,0,0,0,0,0,0,0,0,0,0
ort,simde,1,1,1,1,1,1,1,1,1,1,1,1,1,1,1,1,1,1,1,0,1,1,0,0,0,0,0,0,1,0,1,0,1,1,1,0,0,0,0,0,0,0,0,0,0,0,0
ort,CreepyCodeCollection,1,1,1,1,1,1,1,1,1,1,1,1,1,1,1,1,1,1,1,0,1,1,0,0,0,0,0,0,1,0,1,0,1,0,1,0,0,0,0,0,0,0,0,0,0,0,0
ort,quibble,1,1,1,1,1,1,1,1,1,1,1,1,1,1,1,1,1,1,1,0,1,1,0,0,0,0,0,0,1,0,1,0,1,1,1,0,0,0,0,0,0,0,0,0,0,0,0
ort,siege,1,1,1,1,1,1,1,1,1,1,1,1,1,1,1,1,1,1,1,0,1,1,0,0,0,0,0,0,1,0,1,0,1,1,1,0,0,0,0,0,0,0,0,0,0,0,0
ort,dynamorio,1,1,1,1,1,1,1,1,1,1,1,1,1,1,1,1,1,1,1,0,1,1,0,0,0,0,0,0,1,0,1,0,1,1,1,0,0,0,0,0,0,0,0,0,0,0,0
ort,gnucash,1,1,1,1,1,1,1,1,1,1,1,1,1,1,2,2,2,2,2,0,2,2,0,0,0,0,0,0,2,0,2,0,2,2,2,0,0,0,0,0,0,0,0,0,0,0,0
ort,freeswitch,1,1,1,1,1,1,1,1,1,1,1,1,1,1,190,190,190,190,190,0,2,2,0,0,0,0,0,0,190,0,190,0,190,190,190,0,0,0,0,0,0,0,0,0,0,0,0
ort,ossec-hids,1,1,1,1,1,1,1,1,1,1,1,1,1,1,26,26,26,26,26,0,1,1,0,0,0,0,0,0,26,0,26,0,26,26,26,0,0,0,0,0,0,0,0,0,0,0,0
ort,BGAQRCode-Android,1,1,1,1,1,1,1,1,1,1,1,1,1,1,6,6,6,6,6,0,0,0,0,0,0,0,0,0,6,0,6,0,6,6,6,0,0,0,0,0,0,0,0,0,0,0,0
ort,os,1,1,1,1,1,1,1,1,1,1,1,1,1,1,1,1,1,1,1,0,1,1,0,0,0,0,0,0,1,0,1,0,1,1,1,0,0,0,0,0,0,0,0,0,0,0,0
ort,android-gpuimage-plus,1,1,1,1,1,1,1,1,1,1,1,1,1,1,3,3,3,3,3,0,0,0,0,0,0,0,0,0,3,0,3,0,3,3,3,0,0,0,0,0,0,0,0,0,0,0,0
ort,reading-code-of-nginx-1,1,1,1,1,1,1,1,1,1,1,1,1,1,1,1,1,1,1,1,0,1,1,0,0,0,0,0,0,1,0,1,0,1,1,1,0,0,0,0,0,0,0,0,0,0,0,0
ort,qemu,1,1,1,1,1,1,1,1,1,1,1,1,1,1,2,2,2,2,2,0,1,1,0,0,0,0,0,0,2,0,2,0,2,0,2,0,0,0,0,0,0,0,0,0,0,0,0
ort,sundown,1,1,1,1,1,1,1,1,1,1,1,1,1,1,1,1,1,1,1,0,1,1,0,0,0,0,0,0,1,0,1,0,1,1,1,0,0,0,0,0,0,0,0,0,0,0,0
ort,jsmn,1,1,1,1,1,1,1,1,1,1,1,1,1,1,1,1,1,1,1,0,1,1,0,0,0,0,0,0,1,0,1,0,1,1,1,0,0,0,0,0,0,0,0,0,0,0,0
ort,ebpf-for-windows,1,1,1,1,1,1,1,1,1,1,1,1,1,1,63,63,63,63,63,2,3,3,0,0,0,0,0,0,63,0,63,1,63,61,61,2,0,0,0,2,2,0,0,0,0,0,0
ort,hiredis,1,1,1,1,1,1,1,1,1,1,1,1,1,1,1,1,1,1,1,0,1,1,0,0,0,0,0,0,1,0,1,0,1,1,1,0,0,0,0,0,0,0,0,0,0,0,0
ort,AFL,1,1,1,1,1,1,1,1,1,1,1,1,1,1,1,1,1,1,1,0,1,1,0,0,0,0,0,0,1,0,1,0,1,1,1,0,0,0,0,0,0,0,0,0,0,0,0
ort,chocolate-doom,1,1,1,1,1,1,1,1,1,1,1,1,1,1,1,1,1,1,1,0,1,1,0,0,0,0,0,0,1,0,1,0,1,1,1,0,0,0,0,0,0,0,0,0,0,0,0
ort,distcc,1,1,1,1,1,1,1,1,1,1,1,1,1,1,2,2,2,2,2,0,1,1,0,0,0,0,0,0,2,0,2,0,2,2,2,0,0,0,0,0,0,0,0,0,0,0,0
ort,drmemory,1,1,1,1,1,1,1,1,1,1,1,1,1,1,1,1,1,1,1,0,1,1,0,0,0,0,0,0,1,0,1,0,1,1,1,0,0,0,0,0,0,0,0,0,0,0,0
ort,OpenCorePkg,1,1,1,1,1,1,1,1,1,1,1,1,1,1,1,1,1,1,1,0,1,1,0,0,0,0,0,0,1,0,1,0,1,1,1,0,0,0,0,0,0,0,0,0,0,0,0
ort,SQLiteCpp,1,1,1,1,1,1,1,1,1,1,1,1,1,1,1,1,1,1,1,0,1,1,0,0,0,0,0,0,1,0,1,0,1,1,1,0,0,0,0,0,0,0,0,0,0,0,0
ort,gamemode,1,1,1,1,1,1,1,1,1,1,1,1,1,1,1,1,1,1,1,0,1,1,0,0,0,0,0,0,1,0,1,0,1,1,1,0,0,0,0,0,0,0,0,0,0,0,0
ort,fwupd,1,1,1,1,1,1,1,1,1,1,1,1,1,1,1,1,1,1,1,0,1,1,0,0,0,0,0,0,1,0,1,0,1,1,1,0,0,0,0,0,0,0,0,0,0,0,0
ort,ggml,1,1,1,1,1,1,1,1,1,1,1,1,1,1,1,1,1,1,1,0,0,0,0,0,0,0,0,0,1,0,1,0,1,1,1,0,0,0,0,0,0,0,0,0,0,0,0
ort,exploits,1,1,1,1,1,1,1,1,1,1,1,1,1,1,1,1,1,1,1,0,1,1,0,0,0,0,0,0,1,0,1,0,1,1,1,0,0,0,0,0,0,0,0,0,0,0,0
ort,HomeKitADK,1,1,1,1,1,1,1,1,1,1,1,1,1,1,1,1,1,1,1,0,1,1,0,0,0,0,0,0,1,0,1,0,1,1,1,0,0,0,0,0,0,0,0,0,0,0,0
ort,Quake-2,1,1,1,1,1,1,1,1,1,1,1,1,1,1,1,1,1,1,1,0,1,1,0,0,0,0,0,0,1,0,1,0,1,1,1,0,0,0,0,0,0,0,0,0,0,0,0
ort,weechat,1,1,1,1,1,1,1,1,1,1,1,1,1,1,1,1,1,1,1,0,1,1,0,0,0,0,0,0,1,0,1,0,1,1,1,0,0,0,0,0,0,0,0,0,0,0,0
ort,libevent,1,1,1,1,1,1,1,1,1,1,1,1,1,1,1,1,1,1,1,0,1,1,0,0,0,0,0,0,1,0,1,0,1,1,1,0,0,0,0,0,0,0,0,0,0,0,0
ort,Sandboxie,1,1,1,1,1,1,1,1,1,1,1,1,1,1,30,30,30,30,30,2,3,3,0,0,0,0,0,0,30,0,30,0,30,24,28,2,0,0,0,2,2,0,0,0,0,0,0
ort,Open-PS2-Loader,1,1,1,1,1,1,1,1,1,1,1,1,1,1,4,4,4,4,4,3,4,4,1,1,0,0,0,0,4,0,4,3,4,4,1,3,0,0,0,3,3,4,4,4,4,4,4
ort,rosenbridge,1,1,1,1,1,1,1,1,1,1,1,1,1,1,1,1,1,1,1,0,1,1,0,0,0,0,0,0,1,0,1,0,1,1,1,0,0,0,0,0,0,0,0,0,0,0,0
ort,How-to-Make-a-Computer-Operating-System,1,1,1,1,1,1,1,1,1,1,1,1,1,1,1,1,1,1,1,0,1,1,0,0,0,0,0,0,1,0,1,0,1,1,1,0,0,0,0,0,0,0,0,0,0,0,0
ort,licecap,1,1,1,1,1,1,1,1,1,1,1,1,1,1,4,4,4,4,4,0,1,1,0,0,0,0,0,0,4,0,4,0,4,3,4,0,0,0,0,0,0,0,0,0,0,0,0
ort,quickjs,1,1,1,1,1,1,1,1,1,1,1,1,1,1,1,1,1,1,1,0,1,1,0,0,0,0,0,0,1,0,1,0,1,1,1,0,0,0,0,0,0,0,0,0,0,0,0
ort,php-spx,1,1,1,1,1,1,1,1,1,1,1,1,1,1,1,1,1,1,1,0,1,1,0,0,0,0,0,0,1,0,1,0,1,1,1,0,0,0,0,0,0,0,0,0,0,0,0
ort,shadowsocksr-native,1,1,1,1,1,1,1,1,1,1,1,1,1,1,4,4,4,4,4,0,1,1,0,0,0,0,0,0,4,0,4,0,4,4,4,0,0,0,0,0,0,0,0,0,0,0,0
ort,TFT_eSPI,1,1,1,1,1,1,1,1,1,1,1,1,1,1,1,1,1,1,1,0,1,1,0,0,0,0,0,0,1,0,1,0,1,1,1,0,0,0,0,0,0,0,0,0,0,0,0
ort,winafl,1,1,1,1,1,1,1,1,1,1,1,1,1,1,1,1,1,1,1,0,1,1,0,0,0,0,0,0,1,0,1,0,1,1,1,0,0,0,0,0,0,0,0,0,0,0,0
ort,openrazer,1,1,1,1,1,1,1,1,1,1,1,1,1,1,3,3,3,3,3,0,1,1,0,0,0,0,0,0,3,0,3,0,3,1,3,0,0,0,0,0,0,0,0,0,0,0,0
ort,hollows_hunter,1,1,1,1,1,1,1,1,1,1,1,1,1,1,1,1,1,1,1,0,1,1,0,0,0,0,0,0,1,0,1,0,1,1,1,0,0,0,0,0,0,0,0,0,0,0,0
ort,nanomsg,1,1,1,1,1,1,1,1,1,1,1,1,1,1,1,1,1,1,1,0,1,1,0,0,0,0,0,0,1,0,1,0,1,1,1,0,0,0,0,0,0,0,0,0,0,0,0
ort,amazon-freertos,1,1,1,1,1,1,1,1,1,1,1,1,1,1,22,22,22,22,22,12,16,16,5,5,0,0,0,0,22,0,22,13,22,22,9,13,0,0,0,13,13,748,748,748,748,748,748
ort,miniaudio,1,1,1,1,1,1,1,1,1,1,1,1,1,1,1,1,1,1,1,0,1,1,0,0,0,0,0,0,1,0,1,0,1,1,1,0,0,0,0,0,0,0,0,0,0,0,0
ort,raspi3-tutorial,1,1,1,1,1,1,1,1,1,1,1,1,1,1,1,1,1,1,1,0,1,1,0,0,0,0,0,0,1,0,1,0,1,1,1,0,0,0,0,0,0,0,0,0,0,0,0
ort,ctypes,1,1,1,1,1,1,1,1,1,1,1,1,1,1,1,1,1,1,1,0,1,1,0,0,0,0,0,0,1,0,1,0,1,1,1,0,0,0,0,0,0,0,0,0,0,0,0
ort,CSAPP-Labs,1,1,1,1,1,1,1,1,1,1,1,1,1,1,1,1,1,1,1,0,1,1,0,0,0,0,0,0,1,0,1,0,1,1,1,0,0,0,0,0,0,0,0,0,0,0,0
ort,psycopg2,1,1,1,1,1,1,1,1,1,1,1,1,1,1,2,2,2,2,2,0,1,1,0,0,0,0,0,0,2,0,2,0,2,2,2,0,0,0,0,0,0,0,0,0,0,0,0
ort,bcc,1,1,1,1,1,1,1,1,1,1,1,1,1,1,1,1,1,1,1,0,1,1,0,0,0,0,0,0,1,0,1,0,1,1,1,0,0,0,0,0,0,0,0,0,0,0,0
ort,melonDS,1,1,1,1,1,1,1,1,1,1,1,1,1,1,1,1,1,1,1,0,1,1,0,0,0,0,0,0,1,0,1,0,1,1,1,0,0,0,0,0,0,0,0,0,0,0,0
ort,sxiv,1,1,1,1,1,1,1,1,1,1,1,1,1,1,1,1,1,1,1,0,1,1,0,0,0,0,0,0,1,0,1,0,1,1,1,0,0,0,0,0,0,0,0,0,0,0,0
ort,lwan,1,1,1,1,1,1,1,1,1,1,1,1,1,1,1,1,1,1,1,0,1,1,0,0,0,0,0,0,1,0,1,0,1,1,1,0,0,0,0,0,0,0,0,0,0,0,0
ort,86Box,1,1,1,1,1,1,1,1,1,1,1,1,1,1,1,1,1,1,1,0,1,1,0,0,0,0,0,0,1,0,1,0,1,1,1,0,0,0,0,0,0,0,0,0,0,0,0
ort,xdotool,1,1,1,1,1,1,1,1,1,1,1,1,1,1,1,1,1,1,1,0,1,1,0,0,0,0,0,0,1,0,1,0,1,1,1,0,0,0,0,0,0,0,0,0,0,0,0
ort,haproxy,1,1,1,1,1,1,1,1,1,1,1,1,1,1,1,1,1,1,1,0,1,1,0,0,0,0,0,0,1,0,1,0,1,1,1,0,0,0,0,0,0,0,0,0,0,0,0
ort,acwj,1,1,1,1,1,1,1,1,1,1,1,1,1,1,1,1,1,1,1,0,1,1,0,0,0,0,0,0,1,0,1,0,1,1,1,0,0,0,0,0,0,0,0,0,0,0,0
ort,c-ares,1,1,1,1,1,1,1,1,1,1,1,1,1,1,1,1,1,1,1,0,1,1,0,0,0,0,0,0,1,0,1,0,1,1,1,0,0,0,0,0,0,0,0,0,0,0,0
ort,cpulimit,1,1,1,1,1,1,1,1,1,1,1,1,1,1,1,1,1,1,1,0,1,1,0,0,0,0,0,0,1,0,1,0,1,1,1,0,0,0,0,0,0,0,0,0,0,0,0
ort,php-xhprof-extension,1,1,1,1,1,1,1,1,1,1,1,1,1,1,1,1,1,1,1,0,1,1,0,0,0,0,0,0,1,0,1,0,1,1,1,0,0,0,0,0,0,0,0,0,0,0,0
ort,kcp,1,1,1,1,1,1,1,1,1,1,1,1,1,1,1,1,1,1,1,0,1,1,0,0,0,0,0,0,1,0,1,0,1,1,1,0,0,0,0,0,0,0,0,0,0,0,0
ort,mosquitto,1,1,1,1,1,1,1,1,1,1,1,1,1,1,1,1,1,1,1,0,1,1,0,0,0,0,0,0,1,0,1,0,1,1,1,0,0,0,0,0,0,0,0,0,0,0,0
ort,DungeonRush,1,1,1,1,1,1,1,1,1,1,1,1,1,1,1,1,1,1,1,0,1,1,0,0,0,0,0,0,1,0,1,0,1,1,1,0,0,0,0,0,0,0,0,0,0,0,0
ort,jansson,1,1,1,1,1,1,1,1,1,1,1,1,1,1,1,1,1,1,1,0,1,1,0,0,0,0,0,0,1,0,1,0,1,1,1,0,0,0,0,0,0,0,0,0,0,0,0
ort,rnnoise,1,1,1,1,1,1,1,1,1,1,1,1,1,1,1,1,1,1,1,0,1,1,0,0,0,0,0,0,1,0,1,0,1,1,1,0,0,0,0,0,0,0,0,0,0,0,0
ort,f3,1,1,1,1,1,1,1,1,1,1,1,1,1,1,1,1,1,1,1,0,1,1,0,0,0,0,0,0,1,0,1,0,1,1,1,0,0,0,0,0,0,0,0,0,0,0,0
ort,Zygisk-Il2CppDumper,1,1,1,1,1,1,1,1,1,1,1,1,1,1,2,2,2,2,2,0,0,0,0,0,0,0,0,0,2,0,2,0,2,2,2,0,0,0,0,0,0,0,0,0,0,0,0
ort,cute_headers,1,1,1,1,1,1,1,1,1,1,1,1,1,1,9,9,9,9,9,0,1,1,0,0,0,0,0,0,9,0,9,0,9,7,9,0,0,0,0,0,0,0,0,0,0,0,0
ort,RxFFmpeg,1,1,1,1,1,1,1,1,1,1,1,1,1,1,3,3,3,3,3,0,0,0,0,0,0,0,0,0,3,0,3,0,3,2,3,0,0,0,0,0,0,0,0,0,0,0,0
ort,zig-gamedev,1,1,1,1,1,1,1,1,1,1,1,1,1,1,1,1,1,1,1,0,1,1,0,0,0,0,0,0,1,0,1,0,1,0,1,0,0,0,0,0,0,0,0,0,0,0,0
ort,libratbag,1,1,1,1,1,1,1,1,1,1,1,1,1,1,1,1,1,1,1,0,1,1,0,0,0,0,0,0,1,0,1,0,1,1,1,0,0,0,0,0,0,0,0,0,0,0,0
ort,UACME,1,1,1,1,1,1,1,1,1,1,1,1,1,1,6,6,6,6,6,0,1,1,0,0,0,0,0,0,6,0,6,0,6,6,6,0,0,0,0,0,0,0,0,0,0,0,0
ort,EasyFlash,1,1,1,1,1,1,1,1,1,1,1,1,1,1,1,1,1,1,1,0,1,1,0,0,0,0,0,0,1,0,1,0,1,1,1,0,0,0,0,0,0,0,0,0,0,0,0
ort,lastpass-cli,1,1,1,1,1,1,1,1,1,1,1,1,1,1,1,1,1,1,1,0,1,1,0,0,0,0,0,0,1,0,1,0,1,1,1,0,0,0,0,0,0,0,0,0,0,0,0
ort,Chipmunk2D,1,1,1,1,1,1,1,1,1,1,1,1,1,1,3,3,3,3,3,0,1,1,0,0,0,0,0,0,3,0,3,0,3,3,3,0,0,0,0,0,0,0,0,0,0,0,0
ort,flex,1,1,1,1,1,1,1,1,1,1,1,1,1,1,1,1,1,1,1,0,1,1,0,0,0,0,0,0,1,0,1,0,1,1,1,0,0,0,0,0,0,0,0,0,0,0,0
ort,blackmagic,1,1,1,1,1,1,1,1,1,1,1,1,1,1,1,1,1,1,1,0,1,1,0,0,0,0,0,0,1,0,1,0,1,1,1,0,0,0,0,0,0,0,0,0,0,0,0
ort,9cc,1,1,1,1,1,1,1,1,1,1,1,1,1,1,1,1,1,1,1,0,1,1,0,0,0,0,0,0,1,0,1,0,1,1,1,0,0,0,0,0,0,0,0,0,0,0,0
ort,openwebrtc,1,1,1,1,1,1,1,1,1,1,1,1,1,1,1,1,1,1,1,0,1,1,0,0,0,0,0,0,1,0,1,0,1,1,1,0,0,0,0,0,0,0,0,0,0,0,0
ort,clumsy,1,1,1,1,1,1,1,1,1,1,1,1,1,1,1,1,1,1,1,0,1,1,0,0,0,0,0,0,1,0,1,0,1,1,1,0,0,0,0,0,0,0,0,0,0,0,0
ort,CrossC2,1,1,1,1,1,1,1,1,1,1,1,1,1,1,1,1,1,1,1,0,1,1,0,0,0,0,0,0,1,0,1,0,1,1,1,0,0,0,0,0,0,0,0,0,0,0,0
ort,zfs,1,1,1,1,1,1,1,1,1,1,1,1,1,1,1,1,1,1,1,0,1,1,0,0,0,0,0,0,1,0,1,0,1,1,1,0,0,0,0,0,0,0,0,0,0,0,0
ort,OpenAppFilter,1,1,1,1,1,1,1,1,1,1,1,1,1,1,1,1,1,1,1,0,1,1,0,0,0,0,0,0,1,0,1,0,1,1,1,0,0,0,0,0,0,0,0,0,0,0,0
ort,CyberEngineTweaks,1,1,1,1,1,1,1,1,1,1,1,1,1,1,1,1,1,1,1,0,1,1,0,0,0,0,0,0,1,0,1,0,1,1,1,0,0,0,0,0,0,0,0,0,0,0,0
ort,PongoOS,1,1,1,1,1,1,1,1,1,1,1,1,1,1,1,1,1,1,1,0,1,1,0,0,0,0,0,0,1,0,1,0,1,1,1,0,0,0,0,0,0,0,0,0,0,0,0
ort,inih,1,1,1,1,1,1,1,1,1,1,1,1,1,1,1,1,1,1,1,0,1,1,0,0,0,0,0,0,1,0,1,0,1,1,1,0,0,0,0,0,0,0,0,0,0,0,0
ort,fastsocket,1,1,1,1,1,1,1,1,1,1,1,1,1,1,2,2,2,2,2,0,1,1,0,0,0,0,0,0,2,0,2,0,2,2,2,0,0,0,0,0,0,0,0,0,0,0,0
ort,fftw3,1,1,1,1,1,1,1,1,1,1,1,1,1,1,1,1,1,1,1,0,1,1,0,0,0,0,0,0,1,0,1,0,1,1,1,0,0,0,0,0,0,0,0,0,0,0,0
ort,fbtft,1,1,1,1,1,1,1,1,1,1,1,1,1,1,1,1,1,1,1,0,1,1,0,0,0,0,0,0,1,0,1,0,1,1,1,0,0,0,0,0,0,0,0,0,0,0,0
ort,aubio,1,1,1,1,1,1,1,1,1,1,1,1,1,1,15,15,15,15,15,14,15,15,5,5,0,0,0,0,15,0,15,12,15,15,1,14,0,0,0,14,14,1079,1079,1079,1079,1079,1079
ort,Luma3DS,1,1,1,1,1,1,1,1,1,1,1,1,1,1,1,1,1,1,1,0,1,1,0,0,0,0,0,0,1,0,1,0,1,1,1,0,0,0,0,0,0,0,0,0,0,0,0
ort,Entware,1,1,1,1,1,1,1,1,1,1,1,1,1,1,1,1,1,1,1,0,1,1,0,0,0,0,0,0,1,0,1,0,1,1,1,0,0,0,0,0,0,0,0,0,0,0,0
ort,VeraCrypt,1,1,1,1,1,1,1,1,1,1,1,1,1,1,20,20,20,20,20,0,1,1,0,0,0,0,0,0,20,0,20,0,20,20,20,0,0,0,0,0,0,0,0,0,0,0,0
ort,CTF-All-In-One,1,1,1,1,1,1,1,1,1,1,1,1,1,1,1,1,1,1,1,0,1,1,0,0,0,0,0,0,1,0,1,0,1,1,1,0,0,0,0,0,0,0,0,0,0,0,0
ort,entr,1,1,1,1,1,1,1,1,1,1,1,1,1,1,1,1,1,1,1,0,1,1,0,0,0,0,0,0,1,0,1,0,1,1,1,0,0,0,0,0,0,0,0,0,0,0,0
ort,os-tutorial,1,1,1,1,1,1,1,1,1,1,1,1,1,1,1,1,1,1,1,0,1,1,0,0,0,0,0,0,1,0,1,0,1,1,1,0,0,0,0,0,0,0,0,0,0,0,0
ort,LookingGlass,1,1,1,1,1,1,1,1,1,1,1,1,1,1,2,2,2,2,2,0,1,1,0,0,0,0,0,0,2,0,2,0,2,2,2,0,0,0,0,0,0,0,0,0,0,0,0
ort,ngx_brotli,1,1,1,1,1,1,1,1,1,1,1,1,1,1,1,1,1,1,1,0,1,1,0,0,0,0,0,0,1,0,1,0,1,1,1,0,0,0,0,0,0,0,0,0,0,0,0
ort,xdp-tutorial,1,1,1,1,1,1,1,1,1,1,1,1,1,1,1,1,1,1,1,0,1,1,0,0,0,0,0,0,1,0,1,0,1,1,1,0,0,0,0,0,0,0,0,0,0,0,0
ort,libdill,1,1,1,1,1,1,1,1,1,1,1,1,1,1,1,1,1,1,1,0,1,1,0,0,0,0,0,0,1,0,1,0,1,1,1,0,0,0,0,0,0,0,0,0,0,0,0
ort,paho,1,1,1,1,1,1,1,1,1,1,1,1,1,1,3,3,3,3,3,0,2,2,0,0,0,0,0,0,3,0,3,0,3,1,3,0,0,0,0,0,0,0,0,0,0,0,0
ort,axel,1,1,1,1,1,1,1,1,1,1,1,1,1,1,1,1,1,1,1,0,1,1,0,0,0,0,0,0,1,0,1,0,1,1,1,0,0,0,0,0,0,0,0,0,0,0,0
ort,seafile,1,1,1,1,1,1,1,1,1,1,1,1,1,1,5,5,5,5,5,2,3,3,1,1,0,0,0,0,5,0,5,2,5,5,3,2,0,0,0,2,2,11,11,11,11,11,11
ort,minecraft-weekend,1,1,1,1,1,1,1,1,1,1,1,1,1,1,1,1,1,1,1,0,1,1,0,0,0,0,0,0,1,0,1,0,1,1,1,0,0,0,0,0,0,0,0,0,0,0,0
ort,snapraid,1,1,1,1,1,1,1,1,1,1,1,1,1,1,1,1,1,1,1,0,1,1,0,0,0,0,0,0,1,0,1,0,1,1,1,0,0,0,0,0,0,0,0,0,0,0,0
ort,box64,1,1,1,1,1,1,1,1,1,1,1,1,1,1,1,1,1,1,1,0,1,1,0,0,0,0,0,0,1,0,1,0,1,1,1,0,0,0,0,0,0,0,0,0,0,0,0
ort,php-src,1,1,1,1,1,1,1,1,1,1,1,1,1,1,1,1,1,1,1,0,1,1,0,0,0,0,0,0,1,0,1,0,1,1,1,0,0,0,0,0,0,0,0,0,0,0,0
ort,Adafruit-GFX-Library,1,1,1,1,1,1,1,1,1,1,1,1,1,1,1,1,1,1,1,0,1,1,0,0,0,0,0,0,1,0,1,0,1,1,1,0,0,0,0,0,0,0,0,0,0,0,0
ort,sleuthkit,1,1,1,1,1,1,1,1,1,1,1,1,1,1,47,47,47,47,47,10,11,11,0,0,0,0,0,0,47,0,47,2,47,1,37,10,0,0,0,10,10,0,0,0,0,0,0
ort,keepalived,1,1,1,1,1,1,1,1,1,1,1,1,1,1,1,1,1,1,1,0,1,1,0,0,0,0,0,0,1,0,1,0,1,1,1,0,0,0,0,0,0,0,0,0,0,0,0
ort,tinyvm,1,1,1,1,1,1,1,1,1,1,1,1,1,1,1,1,1,1,1,0,1,1,0,0,0,0,0,0,1,0,1,0,1,1,1,0,0,0,0,0,0,0,0,0,0,0,0
ort,sniproxy,1,1,1,1,1,1,1,1,1,1,1,1,1,1,1,1,1,1,1,0,1,1,0,0,0,0,0,0,1,0,1,0,1,1,1,0,0,0,0,0,0,0,0,0,0,0,0
ort,small-video-record,1,1,1,1,1,1,1,1,1,1,1,1,1,1,7,7,7,7,7,0,1,1,0,0,0,0,0,0,7,0,7,0,7,7,7,0,0,0,0,0,0,0,0,0,0,0,0
ort,stlink,1,1,1,1,1,1,1,1,1,1,1,1,1,1,1,1,1,1,1,0,1,1,0,0,0,0,0,0,1,0,1,0,1,1,1,0,0,0,0,0,0,0,0,0,0,0,0
ort,IronOS,1,1,1,1,1,1,1,1,1,1,1,1,1,1,1,1,1,1,1,0,1,1,0,0,0,0,0,0,1,0,1,0,1,1,1,0,0,0,0,0,0,0,0,0,0,0,0
ort,grbl,1,1,1,1,1,1,1,1,1,1,1,1,1,1,1,1,1,1,1,0,1,1,0,0,0,0,0,0,1,0,1,0,1,1,1,0,0,0,0,0,0,0,0,0,0,0,0
ort,hexchat,1,1,1,1,1,1,1,1,1,1,1,1,1,1,19,19,19,19,19,0,1,1,0,0,0,0,0,0,19,0,19,0,19,19,19,0,0,0,0,0,0,0,0,0,0,0,0
ort,raspberry-pi-os,1,1,1,1,1,1,1,1,1,1,1,1,1,1,1,1,1,1,1,0,1,1,0,0,0,0,0,0,1,0,1,0,1,1,1,0,0,0,0,0,0,0,0,0,0,0,0
ort,esp-link,1,1,1,1,1,1,1,1,1,1,1,1,1,1,1,1,1,1,1,0,0,0,0,0,0,0,0,0,1,0,1,0,1,1,1,0,0,0,0,0,0,0,0,0,0,0,0
ort,picohttpparser,1,1,1,1,1,1,1,1,1,1,1,1,1,1,1,1,1,1,1,0,1,1,0,0,0,0,0,0,1,0,1,0,1,1,1,0,0,0,0,0,0,0,0,0,0,0,0
ort,stb,1,1,1,1,1,1,1,1,1,1,1,1,1,1,1,1,1,1,1,0,1,1,0,0,0,0,0,0,1,0,1,0,1,1,1,0,0,0,0,0,0,0,0,0,0,0,0
ort,endlessh,1,1,1,1,1,1,1,1,1,1,1,1,1,1,1,1,1,1,1,0,1,1,0,0,0,0,0,0,1,0,1,0,1,1,1,0,0,0,0,0,0,0,0,0,0,0,0
ort,lz4,1,1,1,1,1,1,1,1,1,1,1,1,1,1,26,26,26,26,26,0,1,1,0,0,0,0,0,0,26,0,26,0,26,8,26,0,0,0,0,0,0,0,0,0,0,0,0
ort,MobileNet-Yolo,1,1,1,1,1,1,1,1,1,1,1,1,1,1,6,6,6,6,6,0,1,1,0,0,0,0,0,0,6,0,6,0,6,6,6,0,0,0,0,0,0,0,0,0,0,0,0
ort,simplewall,1,1,1,1,1,1,1,1,1,1,1,1,1,1,3,3,3,3,3,2,2,2,1,1,0,0,0,0,3,0,3,0,3,3,1,2,0,0,0,2,2,9,9,9,9,9,9
ort,mjolnir,1,1,1,1,1,1,1,1,1,1,1,1,1,1,4,4,4,4,4,1,3,3,1,1,0,0,0,0,4,0,4,0,4,4,2,2,0,0,0,2,2,11,11,11,11,11,11
ort,rofi,1,1,1,1,1,1,1,1,1,1,1,1,1,1,1,1,1,1,1,0,1,1,0,0,0,0,0,0,1,0,1,0,1,1,1,0,0,0,0,0,0,0,0,0,0,0,0
ort,lzfse,1,1,1,1,1,1,1,1,1,1,1,1,1,1,1,1,1,1,1,0,1,1,0,0,0,0,0,0,1,0,1,0,1,1,1,0,0,0,0,0,0,0,0,0,0,0,0
ort,fio,1,1,1,1,1,1,1,1,1,1,1,1,1,1,1,1,1,1,1,0,1,1,0,0,0,0,0,0,1,0,1,0,1,1,1,0,0,0,0,0,0,0,0,0,0,0,0
ort,memcached,1,1,1,1,1,1,1,1,1,1,1,1,1,1,1,1,1,1,1,0,1,1,0,0,0,0,0,0,1,0,1,0,1,1,1,0,0,0,0,0,0,0,0,0,0,0,0
ort,noah,1,1,1,1,1,1,1,1,1,1,1,1,1,1,1,1,1,1,1,0,1,1,0,0,0,0,0,0,1,0,1,0,1,1,1,0,0,0,0,0,0,0,0,0,0,0,0
ort,naxsi,1,1,1,1,1,1,1,1,1,1,1,1,1,1,2,2,2,2,2,0,1,1,0,0,0,0,0,0,2,0,2,0,2,2,2,0,0,0,0,0,0,0,0,0,0,0,0
ort,Flipper,1,1,1,1,1,1,1,1,1,1,1,1,1,1,1,1,1,1,1,0,1,1,0,0,0,0,0,0,1,0,1,0,1,0,1,0,0,0,0,0,0,0,0,0,0,0,0
ort,sensible-side-buttons,1,1,1,1,1,1,1,1,1,1,1,1,1,1,1,1,1,1,1,0,1,1,0,0,0,0,0,0,1,0,1,0,1,1,1,0,0,0,0,0,0,0,0,0,0,0,0
ort,ponyc,1,1,1,1,1,1,1,1,1,1,1,1,1,1,1,1,1,1,1,0,1,1,0,0,0,0,0,0,1,0,1,0,1,1,1,0,0,0,0,0,0,0,0,0,0,0,0
ort,pipelinedb,1,1,1,1,1,1,1,1,1,1,1,1,1,1,8,8,8,8,8,4,8,8,3,3,0,0,0,0,8,0,8,6,8,8,2,6,0,0,0,6,6,167,167,167,167,167,167
ort,mimalloc,1,1,1,1,1,1,1,1,1,1,1,1,1,1,18,18,18,18,18,0,1,1,0,0,0,0,0,0,18,0,18,0,18,18,18,0,0,0,0,0,0,0,0,0,0,0,0
ort,desmume,1,1,1,1,1,1,1,1,1,1,1,1,1,1,3,3,3,3,3,0,1,1,0,0,0,0,0,0,3,0,3,0,3,3,3,0,0,0,0,0,0,0,0,0,0,0,0
ort,Lilu,1,1,1,1,1,1,1,1,1,1,1,1,1,1,20,20,20,20,20,0,2,2,0,0,0,0,0,0,20,0,20,0,20,20,20,0,0,0,0,0,0,0,0,0,0,0,0
ort,lede,1,1,1,1,1,1,1,1,1,1,1,1,1,1,1,1,1,1,1,0,1,1,0,0,0,0,0,0,1,0,1,0,1,1,1,0,0,0,0,0,0,0,0,0,0,0,0
ort,Nintendo_Switch_Reverse_Engineering,1,1,1,1,1,1,1,1,1,1,1,1,1,1,1,1,1,1,1,0,1,1,0,0,0,0,0,0,1,0,1,0,1,1,1,0,0,0,0,0,0,0,0,0,0,0,0
ort,Linux-NetSpeed,1,1,1,1,1,1,1,1,1,1,1,1,1,1,1,1,1,1,1,0,1,1,0,0,0,0,0,0,1,0,1,0,1,1,1,0,0,0,0,0,0,0,0,0,0,0,0
ort,ctftool,1,1,1,1,1,1,1,1,1,1,1,1,1,1,1,1,1,1,1,0,1,1,0,0,0,0,0,0,1,0,1,0,1,1,1,0,0,0,0,0,0,0,0,0,0,0,0
ort,nginx-rtmp-module,1,1,1,1,1,1,1,1,1,1,1,1,1,1,1,1,1,1,1,0,1,1,0,0,0,0,0,0,1,0,1,0,1,1,1,0,0,0,0,0,0,0,0,0,0,0,0
ort,cc65,1,1,1,1,1,1,1,1,1,1,1,1,1,1,14,14,14,14,14,0,1,1,0,0,0,0,0,0,14,0,14,0,14,14,14,0,0,0,0,0,0,0,0,0,0,0,0
ort,PetitPotam,1,1,1,1,1,1,1,1,1,1,1,1,1,1,2,2,2,2,2,0,1,1,0,0,0,0,0,0,2,0,2,0,2,0,2,0,0,0,0,0,0,0,0,0,0,0,0
ort,willow,1,1,1,1,1,1,1,1,1,1,1,1,1,1,1,1,1,1,1,0,1,1,0,0,0,0,0,0,1,0,1,0,1,0,1,0,0,0,0,0,0,0,0,0,0,0,0
ort,Reader,1,1,1,1,1,1,1,1,1,1,1,1,1,1,2,2,2,2,2,0,1,1,0,0,0,0,0,0,2,0,2,0,2,1,2,0,0,0,0,0,0,0,0,0,0,0,0
ort,rsync,1,1,1,1,1,1,1,1,1,1,1,1,1,1,1,1,1,1,1,0,1,1,0,0,0,0,0,0,1,0,1,0,1,1,1,0,0,0,0,0,0,0,0,0,0,0,0
ort,Yolo-Fastest,1,1,1,1,1,1,1,1,1,1,1,1,1,1,6,6,6,6,6,0,1,1,0,0,0,0,0,0,6,0,6,0,6,6,6,0,0,0,0,0,0,0,0,0,0,0,0
ort,SUDO_KILLER,1,1,1,1,1,1,1,1,1,1,1,1,1,1,1,1,1,1,1,0,1,1,0,0,0,0,0,0,1,0,1,0,1,1,1,0,0,0,0,0,0,0,0,0,0,0,0
ort,Criterion,1,1,1,1,1,1,1,1,1,1,1,1,1,1,66,66,66,66,66,64,66,66,22,22,0,0,0,0,66,0,66,34,66,66,2,64,0,0,0,64,64,1570,1570,1570,1570,1570,1570
ort,proxmark3,1,1,1,1,1,1,1,1,1,1,1,1,1,1,28,28,28,28,28,24,28,28,9,9,0,0,0,0,28,0,28,22,28,28,3,25,0,0,0,25,25,169,169,169,169,169,169
ort,neuralcoref,1,1,1,1,1,1,1,1,1,1,1,1,1,1,2,2,2,2,2,0,0,0,0,0,0,0,0,0,2,0,2,0,2,2,2,0,0,0,0,0,0,0,0,0,0,0,0
ort,tig,1,1,1,1,1,1,1,1,1,1,1,1,1,1,1,1,1,1,1,0,1,1,0,0,0,0,0,0,1,0,1,0,1,1,1,0,0,0,0,0,0,0,0,0,0,0,0
ort,janet,1,1,1,1,1,1,1,1,1,1,1,1,1,1,1,1,1,1,1,0,1,1,0,0,0,0,0,0,1,0,1,0,1,1,1,0,0,0,0,0,0,0,0,0,0,0,0
ort,rtty,1,1,1,1,1,1,1,1,1,1,1,1,1,1,1,1,1,1,1,0,1,1,0,0,0,0,0,0,1,0,1,0,1,1,1,0,0,0,0,0,0,0,0,0,0,0,0
ort,tilck,1,1,1,1,1,1,1,1,1,1,1,1,1,1,1,1,1,1,1,0,1,1,0,0,0,0,0,0,1,0,1,0,1,1,1,0,0,0,0,0,0,0,0,0,0,0,0
ort,yabai,1,1,1,1,1,1,1,1,1,1,1,1,1,1,1,1,1,1,1,0,1,1,0,0,0,0,0,0,1,0,1,0,1,1,1,0,0,0,0,0,0,0,0,0,0,0,0
ort,webview,1,1,1,1,1,1,1,1,1,1,1,1,1,1,1,1,1,1,1,0,1,1,0,0,0,0,0,0,1,0,1,0,1,1,1,0,0,0,0,0,0,0,0,0,0,0,0
ort,mydumper,1,1,1,1,1,1,1,1,1,1,1,1,1,1,1,1,1,1,1,0,1,1,0,0,0,0,0,0,1,0,1,0,1,1,1,0,0,0,0,0,0,0,0,0,0,0,0
ort,bspwm,1,1,1,1,1,1,1,1,1,1,1,1,1,1,1,1,1,1,1,0,1,1,0,0,0,0,0,0,1,0,1,0,1,1,1,0,0,0,0,0,0,0,0,0,0,0,0
ort,DBProxy,1,1,1,1,1,1,1,1,1,1,1,1,1,1,1,1,1,1,1,0,1,1,0,0,0,0,0,0,1,0,1,0,1,1,1,0,0,0,0,0,0,0,0,0,0,0,0
ort,lua,1,1,1,1,1,1,1,1,1,1,1,1,1,1,1,1,1,1,1,0,1,1,0,0,0,0,0,0,1,0,1,0,1,1,1,0,0,0,0,0,0,0,0,0,0,0,0
ort,tmate,1,1,1,1,1,1,1,1,1,1,1,1,1,1,1,1,1,1,1,0,1,1,0,0,0,0,0,0,1,0,1,0,1,1,1,0,0,0,0,0,0,0,0,0,0,0,0
ort,way-cooler,1,1,1,1,1,1,1,1,1,1,1,1,1,1,1,1,1,1,1,0,1,1,0,0,0,0,0,0,1,0,1,0,1,1,1,0,0,0,0,0,0,0,0,0,0,0,0
ort,can-utils,1,1,1,1,1,1,1,1,1,1,1,1,1,1,1,1,1,1,1,0,1,1,0,0,0,0,0,0,1,0,1,0,1,1,1,0,0,0,0,0,0,0,0,0,0,0,0
ort,DAPLink,1,1,1,1,1,1,1,1,1,1,1,1,1,1,1,1,1,1,1,0,0,0,0,0,0,0,0,0,1,0,1,0,1,1,1,0,0,0,0,0,0,0,0,0,0,0,0
ort,oniguruma,1,1,1,1,1,1,1,1,1,1,1,1,1,1,1,1,1,1,1,0,1,1,0,0,0,0,0,0,1,0,1,0,1,1,1,0,0,0,0,0,0,0,0,0,0,0,0
ort,guacamole-server,1,1,1,1,1,1,1,1,1,1,1,1,1,1,1,1,1,1,1,0,1,1,0,0,0,0,0,0,1,0,1,0,1,1,1,0,0,0,0,0,0,0,0,0,0,0,0
ort,vmtouch,1,1,1,1,1,1,1,1,1,1,1,1,1,1,1,1,1,1,1,0,1,1,0,0,0,0,0,0,1,0,1,0,1,1,1,0,0,0,0,0,0,0,0,0,0,0,0
ort,wcdb,1,1,1,1,1,1,1,1,1,1,1,1,1,1,9,9,9,9,9,0,1,1,0,0,0,0,0,0,9,0,9,0,9,0,9,0,0,0,0,0,0,0,0,0,0,0,0
ort,jsmpeg-vnc,1,1,1,1,1,1,1,1,1,1,1,1,1,1,2,2,2,2,2,0,1,1,0,0,0,0,0,0,2,0,2,0,2,1,2,0,0,0,0,0,0,0,0,0,0,0,0
ort,hcxtools,1,1,1,1,1,1,1,1,1,1,1,1,1,1,1,1,1,1,1,0,1,1,0,0,0,0,0,0,1,0,1,0,1,1,1,0,0,0,0,0,0,0,0,0,0,0,0
ort,libvips,1,1,1,1,1,1,1,1,1,1,1,1,1,1,1,1,1,1,1,0,1,1,0,0,0,0,0,0,1,0,1,0,1,1,1,0,0,0,0,0,0,0,0,0,0,0,0
ort,ctags,1,1,1,1,1,1,1,1,1,1,1,1,1,1,4,4,4,4,4,0,1,1,0,0,0,0,0,0,4,0,4,0,4,4,4,0,0,0,0,0,0,0,0,0,0,0,0
ort,liquid-dsp,1,1,1,1,1,1,1,1,1,1,1,1,1,1,1,1,1,1,1,0,1,1,0,0,0,0,0,0,1,0,1,0,1,1,1,0,0,0,0,0,0,0,0,0,0,0,0
ort,OpenGL,1,1,1,1,1,1,1,1,1,1,1,1,1,1,1,1,1,1,1,0,1,1,0,0,0,0,0,0,1,0,1,0,1,1,1,0,0,0,0,0,0,0,0,0,0,0,0
ort,compton,1,1,1,1,1,1,1,1,1,1,1,1,1,1,1,1,1,1,1,0,1,1,0,0,0,0,0,0,1,0,1,0,1,1,1,0,0,0,0,0,0,0,0,0,0,0,0
ort,nuster,1,1,1,1,1,1,1,1,1,1,1,1,1,1,1,1,1,1,1,0,1,1,0,0,0,0,0,0,1,0,1,0,1,1,1,0,0,0,0,0,0,0,0,0,0,0,0
ort,playerctl,1,1,1,1,1,1,1,1,1,1,1,1,1,1,1,1,1,1,1,0,0,0,0,0,0,0,0,0,1,0,1,0,1,1,1,0,0,0,0,0,0,0,0,0,0,0,0
ort,libui,1,1,1,1,1,1,1,1,1,1,1,1,1,1,1,1,1,1,1,0,1,1,0,0,0,0,0,0,1,0,1,0,1,1,1,0,0,0,0,0,0,0,0,0,0,0,0
ort,annotated_redis_source,1,1,1,1,1,1,1,1,1,1,1,1,1,1,1,1,1,1,1,0,1,1,0,0,0,0,0,0,1,0,1,0,1,1,1,0,0,0,0,0,0,0,0,0,0,0,0
ort,GodMode9,1,1,1,1,1,1,1,1,1,1,1,1,1,1,1,1,1,1,1,0,1,1,0,0,0,0,0,0,1,0,1,0,1,1,1,0,0,0,0,0,0,0,0,0,0,0,0
ort,mini3d,1,1,1,1,1,1,1,1,1,1,1,1,1,1,1,1,1,1,1,0,0,0,0,0,0,0,0,0,1,0,1,0,1,1,1,0,0,0,0,0,0,0,0,0,0,0,0
ort,PrintSpoofer,1,1,1,1,1,1,1,1,1,1,1,1,1,1,2,2,2,2,2,0,1,1,0,0,0,0,0,0,2,0,2,0,2,0,2,0,0,0,0,0,0,0,0,0,0,0,0
ort,ios-twitter-image-pipeline,1,1,1,1,1,1,1,1,1,1,1,1,1,1,3,3,3,3,3,0,2,2,0,0,0,0,0,0,3,0,3,1,3,3,3,0,0,0,0,0,0,0,0,0,0,0,0
ort,userland,1,1,1,1,1,1,1,1,1,1,1,1,1,1,1,1,1,1,1,0,1,1,0,0,0,0,0,0,1,0,1,0,1,1,1,0,0,0,0,0,0,0,0,0,0,0,0
ort,onion,1,1,1,1,1,1,1,1,1,1,1,1,1,1,1,1,1,1,1,0,1,1,0,0,0,0,0,0,1,0,1,0,1,1,1,0,0,0,0,0,0,0,0,0,0,0,0
ort,riscv-gnu-toolchain,1,1,1,1,1,1,1,1,1,1,1,1,1,1,1,1,1,1,1,0,1,1,0,0,0,0,0,0,1,0,1,0,1,1,1,0,0,0,0,0,0,0,0,0,0,0,0
ort,py-webrtcvad,1,1,1,1,1,1,1,1,1,1,1,1,1,1,1,1,1,1,1,0,1,1,0,0,0,0,0,0,1,0,1,1,1,1,1,0,0,0,0,0,0,0,0,0,0,0,0
ort,h2o,1,1,1,1,1,1,1,1,1,1,1,1,1,1,27,27,27,27,27,6,9,9,2,2,0,0,0,0,27,0,27,9,27,24,21,6,0,0,0,6,6,19,19,19,19,19,19
ort,wipeout-rewrite,1,1,1,1,1,1,1,1,1,1,1,1,1,1,1,1,1,1,1,0,1,1,0,0,0,0,0,0,1,0,1,0,1,1,1,0,0,0,0,0,0,0,0,0,0,0,0
ort,KDU,1,1,1,1,1,1,1,1,1,1,1,1,1,1,9,9,9,9,9,0,1,1,0,0,0,0,0,0,9,0,9,0,9,9,9,0,0,0,0,0,0,0,0,0,0,0,0
ort,ltp,1,1,1,1,1,1,1,1,1,1,1,1,1,1,1,1,1,1,1,0,1,1,0,0,0,0,0,0,1,0,1,0,1,1,1,0,0,0,0,0,0,0,0,0,0,0,0
ort,phpredis,1,1,1,1,1,1,1,1,1,1,1,1,1,1,1,1,1,1,1,0,1,1,0,0,0,0,0,0,1,0,1,0,1,1,1,0,0,0,0,0,0,0,0,0,0,0,0
ort,how2heap,1,1,1,1,1,1,1,1,1,1,1,1,1,1,1,1,1,1,1,0,1,1,0,0,0,0,0,0,1,0,1,0,1,1,1,0,0,0,0,0,0,0,0,0,0,0,0
ort,tengine,1,1,1,1,1,1,1,1,1,1,1,1,1,1,1,1,1,1,1,0,1,1,0,0,0,0,0,0,1,0,1,0,1,1,1,0,0,0,0,0,0,0,0,0,0,0,0
ort,ServerStatus-Hotaru,1,1,1,1,1,1,1,1,1,1,1,1,1,1,1,1,1,1,1,0,1,1,0,0,0,0,0,0,1,0,1,0,1,1,1,0,0,0,0,0,0,0,0,0,0,0,0
ort,masscan,1,1,1,1,1,1,1,1,1,1,1,1,1,1,2,2,2,2,2,0,1,1,0,0,0,0,0,0,2,0,2,0,2,2,2,0,0,0,0,0,0,0,0,0,0,0,0
ort,tmux-MacOSX-pasteboard,1,1,1,1,1,1,1,1,1,1,1,1,1,1,1,1,1,1,1,0,1,1,0,0,0,0,0,0,1,0,1,0,1,1,1,0,0,0,0,0,0,0,0,0,0,0,0
ort,ddcctl,1,1,1,1,1,1,1,1,1,1,1,1,1,1,1,1,1,1,1,0,1,1,0,0,0,0,0,0,1,0,1,0,1,1,1,0,0,0,0,0,0,0,0,0,0,0,0
ort,coroutine,1,1,1,1,1,1,1,1,1,1,1,1,1,1,1,1,1,1,1,0,1,1,0,0,0,0,0,0,1,0,1,0,1,1,1,0,0,0,0,0,0,0,0,0,0,0,0
ort,ReflectiveDLLInjection,1,1,1,1,1,1,1,1,1,1,1,1,1,1,3,3,3,3,3,0,1,1,0,0,0,0,0,0,3,0,3,0,3,3,3,0,0,0,0,0,0,0,0,0,0,0,0
